[
    {
        "model": "auth.permission",
        "pk": 1,
        "fields": {
            "name": "Can add log entry",
            "content_type": 1,
            "codename": "add_logentry"
        }
    },
    {
        "model": "auth.permission",
        "pk": 2,
        "fields": {
            "name": "Can change log entry",
            "content_type": 1,
            "codename": "change_logentry"
        }
    },
    {
        "model": "auth.permission",
        "pk": 3,
        "fields": {
            "name": "Can delete log entry",
            "content_type": 1,
            "codename": "delete_logentry"
        }
    },
    {
        "model": "auth.permission",
        "pk": 4,
        "fields": {
            "name": "Can view log entry",
            "content_type": 1,
            "codename": "view_logentry"
        }
    },
    {
        "model": "auth.permission",
        "pk": 5,
        "fields": {
            "name": "Can add permission",
            "content_type": 2,
            "codename": "add_permission"
        }
    },
    {
        "model": "auth.permission",
        "pk": 6,
        "fields": {
            "name": "Can change permission",
            "content_type": 2,
            "codename": "change_permission"
        }
    },
    {
        "model": "auth.permission",
        "pk": 7,
        "fields": {
            "name": "Can delete permission",
            "content_type": 2,
            "codename": "delete_permission"
        }
    },
    {
        "model": "auth.permission",
        "pk": 8,
        "fields": {
            "name": "Can view permission",
            "content_type": 2,
            "codename": "view_permission"
        }
    },
    {
        "model": "auth.permission",
        "pk": 9,
        "fields": {
            "name": "Can add group",
            "content_type": 3,
            "codename": "add_group"
        }
    },
    {
        "model": "auth.permission",
        "pk": 10,
        "fields": {
            "name": "Can change group",
            "content_type": 3,
            "codename": "change_group"
        }
    },
    {
        "model": "auth.permission",
        "pk": 11,
        "fields": {
            "name": "Can delete group",
            "content_type": 3,
            "codename": "delete_group"
        }
    },
    {
        "model": "auth.permission",
        "pk": 12,
        "fields": {
            "name": "Can view group",
            "content_type": 3,
            "codename": "view_group"
        }
    },
    {
        "model": "auth.permission",
        "pk": 13,
        "fields": {
            "name": "Can add content type",
            "content_type": 4,
            "codename": "add_contenttype"
        }
    },
    {
        "model": "auth.permission",
        "pk": 14,
        "fields": {
            "name": "Can change content type",
            "content_type": 4,
            "codename": "change_contenttype"
        }
    },
    {
        "model": "auth.permission",
        "pk": 15,
        "fields": {
            "name": "Can delete content type",
            "content_type": 4,
            "codename": "delete_contenttype"
        }
    },
    {
        "model": "auth.permission",
        "pk": 16,
        "fields": {
            "name": "Can view content type",
            "content_type": 4,
            "codename": "view_contenttype"
        }
    },
    {
        "model": "auth.permission",
        "pk": 17,
        "fields": {
            "name": "Can add session",
            "content_type": 5,
            "codename": "add_session"
        }
    },
    {
        "model": "auth.permission",
        "pk": 18,
        "fields": {
            "name": "Can change session",
            "content_type": 5,
            "codename": "change_session"
        }
    },
    {
        "model": "auth.permission",
        "pk": 19,
        "fields": {
            "name": "Can delete session",
            "content_type": 5,
            "codename": "delete_session"
        }
    },
    {
        "model": "auth.permission",
        "pk": 20,
        "fields": {
            "name": "Can view session",
            "content_type": 5,
            "codename": "view_session"
        }
    },
    {
        "model": "auth.permission",
        "pk": 21,
        "fields": {
            "name": "Can add المستخدم",
            "content_type": 6,
            "codename": "add_user"
        }
    },
    {
        "model": "auth.permission",
        "pk": 22,
        "fields": {
            "name": "Can change المستخدم",
            "content_type": 6,
            "codename": "change_user"
        }
    },
    {
        "model": "auth.permission",
        "pk": 23,
        "fields": {
            "name": "Can delete المستخدم",
            "content_type": 6,
            "codename": "delete_user"
        }
    },
    {
        "model": "auth.permission",
        "pk": 24,
        "fields": {
            "name": "Can view المستخدم",
            "content_type": 6,
            "codename": "view_user"
        }
    },
    {
        "model": "auth.permission",
        "pk": 25,
        "fields": {
            "name": "Can add عام دراسي",
            "content_type": 7,
            "codename": "add_academicyear"
        }
    },
    {
        "model": "auth.permission",
        "pk": 26,
        "fields": {
            "name": "Can change عام دراسي",
            "content_type": 7,
            "codename": "change_academicyear"
        }
    },
    {
        "model": "auth.permission",
        "pk": 27,
        "fields": {
            "name": "Can delete عام دراسي",
            "content_type": 7,
            "codename": "delete_academicyear"
        }
    },
    {
        "model": "auth.permission",
        "pk": 28,
        "fields": {
            "name": "Can view عام دراسي",
            "content_type": 7,
            "codename": "view_academicyear"
        }
    },
    {
        "model": "auth.permission",
        "pk": 29,
        "fields": {
            "name": "Can add فصل دراسي",
            "content_type": 8,
            "codename": "add_academicterm"
        }
    },
    {
        "model": "auth.permission",
        "pk": 30,
        "fields": {
            "name": "Can change فصل دراسي",
            "content_type": 8,
            "codename": "change_academicterm"
        }
    },
    {
        "model": "auth.permission",
        "pk": 31,
        "fields": {
            "name": "Can delete فصل دراسي",
            "content_type": 8,
            "codename": "delete_academicterm"
        }
    },
    {
        "model": "auth.permission",
        "pk": 32,
        "fields": {
            "name": "Can view فصل دراسي",
            "content_type": 8,
            "codename": "view_academicterm"
        }
    },
    {
        "model": "auth.permission",
        "pk": 33,
        "fields": {
            "name": "Can add الفصل الدراسي",
            "content_type": 9,
            "codename": "add_class"
        }
    },
    {
        "model": "auth.permission",
        "pk": 34,
        "fields": {
            "name": "Can change الفصل الدراسي",
            "content_type": 9,
            "codename": "change_class"
        }
    },
    {
        "model": "auth.permission",
        "pk": 35,
        "fields": {
            "name": "Can delete الفصل الدراسي",
            "content_type": 9,
            "codename": "delete_class"
        }
    },
    {
        "model": "auth.permission",
        "pk": 36,
        "fields": {
            "name": "Can view الفصل الدراسي",
            "content_type": 9,
            "codename": "view_class"
        }
    },
    {
        "model": "auth.permission",
        "pk": 37,
        "fields": {
            "name": "Can add القسم",
            "content_type": 10,
            "codename": "add_section"
        }
    },
    {
        "model": "auth.permission",
        "pk": 38,
        "fields": {
            "name": "Can change القسم",
            "content_type": 10,
            "codename": "change_section"
        }
    },
    {
        "model": "auth.permission",
        "pk": 39,
        "fields": {
            "name": "Can delete القسم",
            "content_type": 10,
            "codename": "delete_section"
        }
    },
    {
        "model": "auth.permission",
        "pk": 40,
        "fields": {
            "name": "Can view القسم",
            "content_type": 10,
            "codename": "view_section"
        }
    },
    {
        "model": "auth.permission",
        "pk": 41,
        "fields": {
            "name": "Can add مادة دراسية",
            "content_type": 11,
            "codename": "add_subject"
        }
    },
    {
        "model": "auth.permission",
        "pk": 42,
        "fields": {
            "name": "Can change مادة دراسية",
            "content_type": 11,
            "codename": "change_subject"
        }
    },
    {
        "model": "auth.permission",
        "pk": 43,
        "fields": {
            "name": "Can delete مادة دراسية",
            "content_type": 11,
            "codename": "delete_subject"
        }
    },
    {
        "model": "auth.permission",
        "pk": 44,
        "fields": {
            "name": "Can view مادة دراسية",
            "content_type": 11,
            "codename": "view_subject"
        }
    },
    {
        "model": "auth.permission",
        "pk": 45,
        "fields": {
            "name": "Can add مادة المعلم",
            "content_type": 12,
            "codename": "add_teachersubject"
        }
    },
    {
        "model": "auth.permission",
        "pk": 46,
        "fields": {
            "name": "Can change مادة المعلم",
            "content_type": 12,
            "codename": "change_teachersubject"
        }
    },
    {
        "model": "auth.permission",
        "pk": 47,
        "fields": {
            "name": "Can delete مادة المعلم",
            "content_type": 12,
            "codename": "delete_teachersubject"
        }
    },
    {
        "model": "auth.permission",
        "pk": 48,
        "fields": {
            "name": "Can view مادة المعلم",
            "content_type": 12,
            "codename": "view_teachersubject"
        }
    },
    {
        "model": "auth.permission",
        "pk": 49,
        "fields": {
            "name": "Can add المعلم",
            "content_type": 13,
            "codename": "add_teacher"
        }
    },
    {
        "model": "auth.permission",
        "pk": 50,
        "fields": {
            "name": "Can change المعلم",
            "content_type": 13,
            "codename": "change_teacher"
        }
    },
    {
        "model": "auth.permission",
        "pk": 51,
        "fields": {
            "name": "Can delete المعلم",
            "content_type": 13,
            "codename": "delete_teacher"
        }
    },
    {
        "model": "auth.permission",
        "pk": 52,
        "fields": {
            "name": "Can view المعلم",
            "content_type": 13,
            "codename": "view_teacher"
        }
    },
    {
        "model": "auth.permission",
        "pk": 53,
        "fields": {
            "name": "Can add توفر المعلم",
            "content_type": 14,
            "codename": "add_teacheravailability"
        }
    },
    {
        "model": "auth.permission",
        "pk": 54,
        "fields": {
            "name": "Can change توفر المعلم",
            "content_type": 14,
            "codename": "change_teacheravailability"
        }
    },
    {
        "model": "auth.permission",
        "pk": 55,
        "fields": {
            "name": "Can delete توفر المعلم",
            "content_type": 14,
            "codename": "delete_teacheravailability"
        }
    },
    {
        "model": "auth.permission",
        "pk": 56,
        "fields": {
            "name": "Can view توفر المعلم",
            "content_type": 14,
            "codename": "view_teacheravailability"
        }
    },
    {
        "model": "auth.permission",
        "pk": 57,
        "fields": {
            "name": "Can add الطالب",
            "content_type": 15,
            "codename": "add_student"
        }
    },
    {
        "model": "auth.permission",
        "pk": 58,
        "fields": {
            "name": "Can change الطالب",
            "content_type": 15,
            "codename": "change_student"
        }
    },
    {
        "model": "auth.permission",
        "pk": 59,
        "fields": {
            "name": "Can delete الطالب",
            "content_type": 15,
            "codename": "delete_student"
        }
    },
    {
        "model": "auth.permission",
        "pk": 60,
        "fields": {
            "name": "Can view الطالب",
            "content_type": 15,
            "codename": "view_student"
        }
    },
    {
        "model": "auth.permission",
        "pk": 61,
        "fields": {
            "name": "Can add المسؤول",
            "content_type": 16,
            "codename": "add_admin"
        }
    },
    {
        "model": "auth.permission",
        "pk": 62,
        "fields": {
            "name": "Can change المسؤول",
            "content_type": 16,
            "codename": "change_admin"
        }
    },
    {
        "model": "auth.permission",
        "pk": 63,
        "fields": {
            "name": "Can delete المسؤول",
            "content_type": 16,
            "codename": "delete_admin"
        }
    },
    {
        "model": "auth.permission",
        "pk": 64,
        "fields": {
            "name": "Can view المسؤول",
            "content_type": 16,
            "codename": "view_admin"
        }
    },
    {
        "model": "auth.permission",
        "pk": 65,
        "fields": {
            "name": "Can add اختبار",
            "content_type": 17,
            "codename": "add_exam"
        }
    },
    {
        "model": "auth.permission",
        "pk": 66,
        "fields": {
            "name": "Can change اختبار",
            "content_type": 17,
            "codename": "change_exam"
        }
    },
    {
        "model": "auth.permission",
        "pk": 67,
        "fields": {
            "name": "Can delete اختبار",
            "content_type": 17,
            "codename": "delete_exam"
        }
    },
    {
        "model": "auth.permission",
        "pk": 68,
        "fields": {
            "name": "Can view اختبار",
            "content_type": 17,
            "codename": "view_exam"
        }
    },
    {
        "model": "auth.permission",
        "pk": 69,
        "fields": {
            "name": "Can add درجة",
            "content_type": 18,
            "codename": "add_grade"
        }
    },
    {
        "model": "auth.permission",
        "pk": 70,
        "fields": {
            "name": "Can change درجة",
            "content_type": 18,
            "codename": "change_grade"
        }
    },
    {
        "model": "auth.permission",
        "pk": 71,
        "fields": {
            "name": "Can delete درجة",
            "content_type": 18,
            "codename": "delete_grade"
        }
    },
    {
        "model": "auth.permission",
        "pk": 72,
        "fields": {
            "name": "Can view درجة",
            "content_type": 18,
            "codename": "view_grade"
        }
    },
    {
        "model": "auth.permission",
        "pk": 73,
        "fields": {
            "name": "Can add جدول حصص معتمد",
            "content_type": 19,
            "codename": "add_classschedule"
        }
    },
    {
        "model": "auth.permission",
        "pk": 74,
        "fields": {
            "name": "Can change جدول حصص معتمد",
            "content_type": 19,
            "codename": "change_classschedule"
        }
    },
    {
        "model": "auth.permission",
        "pk": 75,
        "fields": {
            "name": "Can delete جدول حصص معتمد",
            "content_type": 19,
            "codename": "delete_classschedule"
        }
    },
    {
        "model": "auth.permission",
        "pk": 76,
        "fields": {
            "name": "Can view جدول حصص معتمد",
            "content_type": 19,
            "codename": "view_classschedule"
        }
    },
    {
        "model": "auth.permission",
        "pk": 77,
        "fields": {
            "name": "Can add جدول حصص مقترح",
            "content_type": 20,
            "codename": "add_proposedclassschedule"
        }
    },
    {
        "model": "auth.permission",
        "pk": 78,
        "fields": {
            "name": "Can change جدول حصص مقترح",
            "content_type": 20,
            "codename": "change_proposedclassschedule"
        }
    },
    {
        "model": "auth.permission",
        "pk": 79,
        "fields": {
            "name": "Can delete جدول حصص مقترح",
            "content_type": 20,
            "codename": "delete_proposedclassschedule"
        }
    },
    {
        "model": "auth.permission",
        "pk": 80,
        "fields": {
            "name": "Can view جدول حصص مقترح",
            "content_type": 20,
            "codename": "view_proposedclassschedule"
        }
    },
    {
        "model": "auth.permission",
        "pk": 81,
        "fields": {
            "name": "Can add إعلان/نشاط",
            "content_type": 21,
            "codename": "add_newsactivity"
        }
    },
    {
        "model": "auth.permission",
        "pk": 82,
        "fields": {
            "name": "Can change إعلان/نشاط",
            "content_type": 21,
            "codename": "change_newsactivity"
        }
    },
    {
        "model": "auth.permission",
        "pk": 83,
        "fields": {
            "name": "Can delete إعلان/نشاط",
            "content_type": 21,
            "codename": "delete_newsactivity"
        }
    },
    {
        "model": "auth.permission",
        "pk": 84,
        "fields": {
            "name": "Can view إعلان/نشاط",
            "content_type": 21,
            "codename": "view_newsactivity"
        }
    },
    {
        "model": "auth.permission",
        "pk": 85,
        "fields": {
            "name": "Can add سجل حضور",
            "content_type": 22,
            "codename": "add_attendance"
        }
    },
    {
        "model": "auth.permission",
        "pk": 86,
        "fields": {
            "name": "Can change سجل حضور",
            "content_type": 22,
            "codename": "change_attendance"
        }
    },
    {
        "model": "auth.permission",
        "pk": 87,
        "fields": {
            "name": "Can delete سجل حضور",
            "content_type": 22,
            "codename": "delete_attendance"
        }
    },
    {
        "model": "auth.permission",
        "pk": 88,
        "fields": {
            "name": "Can view سجل حضور",
            "content_type": 22,
            "codename": "view_attendance"
        }
    },
    {
        "model": "auth.permission",
        "pk": 89,
        "fields": {
            "name": "Can add محتوى المادة",
            "content_type": 23,
            "codename": "add_subjectcontent"
        }
    },
    {
        "model": "auth.permission",
        "pk": 90,
        "fields": {
            "name": "Can change محتوى المادة",
            "content_type": 23,
            "codename": "change_subjectcontent"
        }
    },
    {
        "model": "auth.permission",
        "pk": 91,
        "fields": {
            "name": "Can delete محتوى المادة",
            "content_type": 23,
            "codename": "delete_subjectcontent"
        }
    },
    {
        "model": "auth.permission",
        "pk": 92,
        "fields": {
            "name": "Can view محتوى المادة",
            "content_type": 23,
            "codename": "view_subjectcontent"
        }
    },
    {
        "model": "auth.permission",
        "pk": 93,
        "fields": {
            "name": "Can add فترة تسجيل",
            "content_type": 24,
            "codename": "add_registrationperiod"
        }
    },
    {
        "model": "auth.permission",
        "pk": 94,
        "fields": {
            "name": "Can change فترة تسجيل",
            "content_type": 24,
            "codename": "change_registrationperiod"
        }
    },
    {
        "model": "auth.permission",
        "pk": 95,
        "fields": {
            "name": "Can delete فترة تسجيل",
            "content_type": 24,
            "codename": "delete_registrationperiod"
        }
    },
    {
        "model": "auth.permission",
        "pk": 96,
        "fields": {
            "name": "Can view فترة تسجيل",
            "content_type": 24,
            "codename": "view_registrationperiod"
        }
    },
    {
        "model": "auth.permission",
        "pk": 97,
        "fields": {
            "name": "Can add Token",
            "content_type": 25,
            "codename": "add_token"
        }
    },
    {
        "model": "auth.permission",
        "pk": 98,
        "fields": {
            "name": "Can change Token",
            "content_type": 25,
            "codename": "change_token"
        }
    },
    {
        "model": "auth.permission",
        "pk": 99,
        "fields": {
            "name": "Can delete Token",
            "content_type": 25,
            "codename": "delete_token"
        }
    },
    {
        "model": "auth.permission",
        "pk": 100,
        "fields": {
            "name": "Can view Token",
            "content_type": 25,
            "codename": "view_token"
        }
    },
    {
        "model": "auth.permission",
        "pk": 101,
        "fields": {
            "name": "Can add Token",
            "content_type": 26,
            "codename": "add_tokenproxy"
        }
    },
    {
        "model": "auth.permission",
        "pk": 102,
        "fields": {
            "name": "Can change Token",
            "content_type": 26,
            "codename": "change_tokenproxy"
        }
    },
    {
        "model": "auth.permission",
        "pk": 103,
        "fields": {
            "name": "Can delete Token",
            "content_type": 26,
            "codename": "delete_tokenproxy"
        }
    },
    {
        "model": "auth.permission",
        "pk": 104,
        "fields": {
            "name": "Can view Token",
            "content_type": 26,
            "codename": "view_tokenproxy"
        }
    },
    {
        "model": "auth.permission",
        "pk": 105,
        "fields": {
            "name": "Can add رمز OTP",
            "content_type": 27,
            "codename": "add_otp"
        }
    },
    {
        "model": "auth.permission",
        "pk": 106,
        "fields": {
            "name": "Can change رمز OTP",
            "content_type": 27,
            "codename": "change_otp"
        }
    },
    {
        "model": "auth.permission",
        "pk": 107,
        "fields": {
            "name": "Can delete رمز OTP",
            "content_type": 27,
            "codename": "delete_otp"
        }
    },
    {
        "model": "auth.permission",
        "pk": 108,
        "fields": {
            "name": "Can view رمز OTP",
            "content_type": 27,
            "codename": "view_otp"
        }
    },
    {
        "model": "auth.permission",
        "pk": 109,
        "fields": {
            "name": "Can add blacklisted token",
            "content_type": 28,
            "codename": "add_blacklistedtoken"
        }
    },
    {
        "model": "auth.permission",
        "pk": 110,
        "fields": {
            "name": "Can change blacklisted token",
            "content_type": 28,
            "codename": "change_blacklistedtoken"
        }
    },
    {
        "model": "auth.permission",
        "pk": 111,
        "fields": {
            "name": "Can delete blacklisted token",
            "content_type": 28,
            "codename": "delete_blacklistedtoken"
        }
    },
    {
        "model": "auth.permission",
        "pk": 112,
        "fields": {
            "name": "Can view blacklisted token",
            "content_type": 28,
            "codename": "view_blacklistedtoken"
        }
    },
    {
        "model": "auth.permission",
        "pk": 113,
        "fields": {
            "name": "Can add outstanding token",
            "content_type": 29,
            "codename": "add_outstandingtoken"
        }
    },
    {
        "model": "auth.permission",
        "pk": 114,
        "fields": {
            "name": "Can change outstanding token",
            "content_type": 29,
            "codename": "change_outstandingtoken"
        }
    },
    {
        "model": "auth.permission",
        "pk": 115,
        "fields": {
            "name": "Can delete outstanding token",
            "content_type": 29,
            "codename": "delete_outstandingtoken"
        }
    },
    {
        "model": "auth.permission",
        "pk": 116,
        "fields": {
            "name": "Can view outstanding token",
            "content_type": 29,
            "codename": "view_outstandingtoken"
        }
    },
    {
        "model": "auth.permission",
        "pk": 117,
        "fields": {
            "name": "Can add إعداد التسجيل العام",
            "content_type": 30,
            "codename": "add_registrationsetting"
        }
    },
    {
        "model": "auth.permission",
        "pk": 118,
        "fields": {
            "name": "Can change إعداد التسجيل العام",
            "content_type": 30,
            "codename": "change_registrationsetting"
        }
    },
    {
        "model": "auth.permission",
        "pk": 119,
        "fields": {
            "name": "Can delete إعداد التسجيل العام",
            "content_type": 30,
            "codename": "delete_registrationsetting"
        }
    },
    {
        "model": "auth.permission",
        "pk": 120,
        "fields": {
            "name": "Can view إعداد التسجيل العام",
            "content_type": 30,
            "codename": "view_registrationsetting"
        }
    },
    {
        "model": "auth.permission",
        "pk": 121,
        "fields": {
            "name": "Can add يوم الأسبوع",
            "content_type": 31,
            "codename": "add_dayofweek"
        }
    },
    {
        "model": "auth.permission",
        "pk": 122,
        "fields": {
            "name": "Can change يوم الأسبوع",
            "content_type": 31,
            "codename": "change_dayofweek"
        }
    },
    {
        "model": "auth.permission",
        "pk": 123,
        "fields": {
            "name": "Can delete يوم الأسبوع",
            "content_type": 31,
            "codename": "delete_dayofweek"
        }
    },
    {
        "model": "auth.permission",
        "pk": 124,
        "fields": {
            "name": "Can view يوم الأسبوع",
            "content_type": 31,
            "codename": "view_dayofweek"
        }
    },
    {
        "model": "auth.permission",
        "pk": 125,
        "fields": {
            "name": "Can add الفترة الزمنية للحصة",
            "content_type": 32,
            "codename": "add_timeslot"
        }
    },
    {
        "model": "auth.permission",
        "pk": 126,
        "fields": {
            "name": "Can change الفترة الزمنية للحصة",
            "content_type": 32,
            "codename": "change_timeslot"
        }
    },
    {
        "model": "auth.permission",
        "pk": 127,
        "fields": {
            "name": "Can delete الفترة الزمنية للحصة",
            "content_type": 32,
            "codename": "delete_timeslot"
        }
    },
    {
        "model": "auth.permission",
        "pk": 128,
        "fields": {
            "name": "Can view الفترة الزمنية للحصة",
            "content_type": 32,
            "codename": "view_timeslot"
        }
    },
    {
        "model": "auth.permission",
        "pk": 129,
        "fields": {
            "name": "Can add متطلب حصص الشعبة",
            "content_type": 33,
            "codename": "add_sectionsubjectrequirement"
        }
    },
    {
        "model": "auth.permission",
        "pk": 130,
        "fields": {
            "name": "Can change متطلب حصص الشعبة",
            "content_type": 33,
            "codename": "change_sectionsubjectrequirement"
        }
    },
    {
        "model": "auth.permission",
        "pk": 131,
        "fields": {
            "name": "Can delete متطلب حصص الشعبة",
            "content_type": 33,
            "codename": "delete_sectionsubjectrequirement"
        }
    },
    {
        "model": "auth.permission",
        "pk": 132,
        "fields": {
            "name": "Can view متطلب حصص الشعبة",
            "content_type": 33,
            "codename": "view_sectionsubjectrequirement"
        }
    },
    {
        "model": "auth.permission",
        "pk": 133,
        "fields": {
            "name": "Can add مرفق المحتوى",
            "content_type": 34,
            "codename": "add_contentattachment"
        }
    },
    {
        "model": "auth.permission",
        "pk": 134,
        "fields": {
            "name": "Can change مرفق المحتوى",
            "content_type": 34,
            "codename": "change_contentattachment"
        }
    },
    {
        "model": "auth.permission",
        "pk": 135,
        "fields": {
            "name": "Can delete مرفق المحتوى",
            "content_type": 34,
            "codename": "delete_contentattachment"
        }
    },
    {
        "model": "auth.permission",
        "pk": 136,
        "fields": {
            "name": "Can view مرفق المحتوى",
            "content_type": 34,
            "codename": "view_contentattachment"
        }
    },
    {
        "model": "auth.permission",
        "pk": 137,
        "fields": {
            "name": "Can add أيقونة المادة",
            "content_type": 35,
            "codename": "add_subjecticon"
        }
    },
    {
        "model": "auth.permission",
        "pk": 138,
        "fields": {
            "name": "Can change أيقونة المادة",
            "content_type": 35,
            "codename": "change_subjecticon"
        }
    },
    {
        "model": "auth.permission",
        "pk": 139,
        "fields": {
            "name": "Can delete أيقونة المادة",
            "content_type": 35,
            "codename": "delete_subjecticon"
        }
    },
    {
        "model": "auth.permission",
        "pk": 140,
        "fields": {
            "name": "Can view أيقونة المادة",
            "content_type": 35,
            "codename": "view_subjecticon"
        }
    },
    {
        "model": "auth.permission",
        "pk": 141,
        "fields": {
            "name": "Can add ملف المدرسة",
            "content_type": 36,
            "codename": "add_schoolprofile"
        }
    },
    {
        "model": "auth.permission",
        "pk": 142,
        "fields": {
            "name": "Can change ملف المدرسة",
            "content_type": 36,
            "codename": "change_schoolprofile"
        }
    },
    {
        "model": "auth.permission",
        "pk": 143,
        "fields": {
            "name": "Can delete ملف المدرسة",
            "content_type": 36,
            "codename": "delete_schoolprofile"
        }
    },
    {
        "model": "auth.permission",
        "pk": 144,
        "fields": {
            "name": "Can view ملف المدرسة",
            "content_type": 36,
            "codename": "view_schoolprofile"
        }
    },
    {
        "model": "auth.permission",
        "pk": 145,
        "fields": {
            "name": "Can add ملف المدرسة",
            "content_type": 37,
            "codename": "add_schoolprofile"
        }
    },
    {
        "model": "auth.permission",
        "pk": 146,
        "fields": {
            "name": "Can change ملف المدرسة",
            "content_type": 37,
            "codename": "change_schoolprofile"
        }
    },
    {
        "model": "auth.permission",
        "pk": 147,
        "fields": {
            "name": "Can delete ملف المدرسة",
            "content_type": 37,
            "codename": "delete_schoolprofile"
        }
    },
    {
        "model": "auth.permission",
        "pk": 148,
        "fields": {
            "name": "Can view ملف المدرسة",
            "content_type": 37,
            "codename": "view_schoolprofile"
        }
    },
    {
        "model": "auth.permission",
        "pk": 150,
        "fields": {
            "name": "Can change مشكلة تقدم طالب",
            "content_type": 38,
            "codename": "change_studentprogressionissue"
        }
    },
    {
        "model": "auth.permission",
        "pk": 151,
        "fields": {
            "name": "Can delete مشكلة تقدم طالب",
            "content_type": 38,
            "codename": "delete_studentprogressionissue"
        }
    },
    {
        "model": "auth.permission",
        "pk": 152,
        "fields": {
            "name": "Can view مشكلة تقدم طالب",
            "content_type": 38,
            "codename": "view_studentprogressionissue"
        }
    },
    {
        "model": "auth.permission",
        "pk": 153,
        "fields": {
            "name": "Can add تقدم الطالب",
            "content_type": 39,
            "codename": "add_studentprogression"
        }
    },
    {
        "model": "auth.permission",
        "pk": 154,
        "fields": {
            "name": "Can change تقدم الطالب",
            "content_type": 39,
            "codename": "change_studentprogression"
        }
    },
    {
        "model": "auth.permission",
        "pk": 155,
        "fields": {
            "name": "Can delete تقدم الطالب",
            "content_type": 39,
            "codename": "delete_studentprogression"
        }
    },
    {
        "model": "auth.permission",
        "pk": 156,
        "fields": {
            "name": "Can view تقدم الطالب",
            "content_type": 39,
            "codename": "view_studentprogression"
        }
    },
    {
        "model": "auth.group",
        "pk": 1,
        "fields": {
            "name": "Student",
            "permissions": []
        }
    },
    {
        "model": "auth.group",
        "pk": 2,
        "fields": {
            "name": "Teacher",
            "permissions": []
        }
    },
    {
        "model": "auth.group",
        "pk": 3,
        "fields": {
            "name": "Manager",
            "permissions": []
        }
    },
    {
        "model": "contenttypes.contenttype",
        "pk": 1,
        "fields": {
            "app_label": "admin",
            "model": "logentry"
        }
    },
    {
        "model": "contenttypes.contenttype",
        "pk": 2,
        "fields": {
            "app_label": "auth",
            "model": "permission"
        }
    },
    {
        "model": "contenttypes.contenttype",
        "pk": 3,
        "fields": {
            "app_label": "auth",
            "model": "group"
        }
    },
    {
        "model": "contenttypes.contenttype",
        "pk": 4,
        "fields": {
            "app_label": "contenttypes",
            "model": "contenttype"
        }
    },
    {
        "model": "contenttypes.contenttype",
        "pk": 5,
        "fields": {
            "app_label": "sessions",
            "model": "session"
        }
    },
    {
        "model": "contenttypes.contenttype",
        "pk": 6,
        "fields": {
            "app_label": "accounts",
            "model": "user"
        }
    },
    {
        "model": "contenttypes.contenttype",
        "pk": 7,
        "fields": {
            "app_label": "academic",
            "model": "academicyear"
        }
    },
    {
        "model": "contenttypes.contenttype",
        "pk": 8,
        "fields": {
            "app_label": "academic",
            "model": "academicterm"
        }
    },
    {
        "model": "contenttypes.contenttype",
        "pk": 9,
        "fields": {
            "app_label": "classes",
            "model": "class"
        }
    },
    {
        "model": "contenttypes.contenttype",
        "pk": 10,
        "fields": {
            "app_label": "classes",
            "model": "section"
        }
    },
    {
        "model": "contenttypes.contenttype",
        "pk": 11,
        "fields": {
            "app_label": "subject",
            "model": "subject"
        }
    },
    {
        "model": "contenttypes.contenttype",
        "pk": 12,
        "fields": {
            "app_label": "subject",
            "model": "teachersubject"
        }
    },
    {
        "model": "contenttypes.contenttype",
        "pk": 13,
        "fields": {
            "app_label": "teachers",
            "model": "teacher"
        }
    },
    {
        "model": "contenttypes.contenttype",
        "pk": 14,
        "fields": {
            "app_label": "teachers",
            "model": "teacheravailability"
        }
    },
    {
        "model": "contenttypes.contenttype",
        "pk": 15,
        "fields": {
            "app_label": "students",
            "model": "student"
        }
    },
    {
        "model": "contenttypes.contenttype",
        "pk": 16,
        "fields": {
            "app_label": "admins",
            "model": "admin"
        }
    },
    {
        "model": "contenttypes.contenttype",
        "pk": 17,
        "fields": {
            "app_label": "grading",
            "model": "exam"
        }
    },
    {
        "model": "contenttypes.contenttype",
        "pk": 18,
        "fields": {
            "app_label": "grading",
            "model": "grade"
        }
    },
    {
        "model": "contenttypes.contenttype",
        "pk": 19,
        "fields": {
            "app_label": "schedules",
            "model": "classschedule"
        }
    },
    {
        "model": "contenttypes.contenttype",
        "pk": 20,
        "fields": {
            "app_label": "schedules",
            "model": "proposedclassschedule"
        }
    },
    {
        "model": "contenttypes.contenttype",
        "pk": 21,
        "fields": {
            "app_label": "communication",
            "model": "newsactivity"
        }
    },
    {
        "model": "contenttypes.contenttype",
        "pk": 22,
        "fields": {
            "app_label": "attendance",
            "model": "attendance"
        }
    },
    {
        "model": "contenttypes.contenttype",
        "pk": 23,
        "fields": {
            "app_label": "contents",
            "model": "subjectcontent"
        }
    },
    {
        "model": "contenttypes.contenttype",
        "pk": 24,
        "fields": {
            "app_label": "enrollment",
            "model": "registrationperiod"
        }
    },
    {
        "model": "contenttypes.contenttype",
        "pk": 25,
        "fields": {
            "app_label": "authtoken",
            "model": "token"
        }
    },
    {
        "model": "contenttypes.contenttype",
        "pk": 26,
        "fields": {
            "app_label": "authtoken",
            "model": "tokenproxy"
        }
    },
    {
        "model": "contenttypes.contenttype",
        "pk": 27,
        "fields": {
            "app_label": "accounts",
            "model": "otp"
        }
    },
    {
        "model": "contenttypes.contenttype",
        "pk": 28,
        "fields": {
            "app_label": "token_blacklist",
            "model": "blacklistedtoken"
        }
    },
    {
        "model": "contenttypes.contenttype",
        "pk": 29,
        "fields": {
            "app_label": "token_blacklist",
            "model": "outstandingtoken"
        }
    },
    {
        "model": "contenttypes.contenttype",
        "pk": 30,
        "fields": {
            "app_label": "enrollment",
            "model": "registrationsetting"
        }
    },
    {
        "model": "contenttypes.contenttype",
        "pk": 31,
        "fields": {
            "app_label": "academic",
            "model": "dayofweek"
        }
    },
    {
        "model": "contenttypes.contenttype",
        "pk": 32,
        "fields": {
            "app_label": "academic",
            "model": "timeslot"
        }
    },
    {
        "model": "contenttypes.contenttype",
        "pk": 33,
        "fields": {
            "app_label": "subject",
            "model": "sectionsubjectrequirement"
        }
    },
    {
        "model": "contenttypes.contenttype",
        "pk": 34,
        "fields": {
            "app_label": "contents",
            "model": "contentattachment"
        }
    },
    {
        "model": "contenttypes.contenttype",
        "pk": 35,
        "fields": {
            "app_label": "subject",
            "model": "subjecticon"
        }
    },
    {
        "model": "contenttypes.contenttype",
        "pk": 36,
        "fields": {
            "app_label": "school",
            "model": "schoolprofile"
        }
    },
    {
        "model": "contenttypes.contenttype",
        "pk": 37,
        "fields": {
            "app_label": "schoolProfile",
            "model": "schoolprofile"
        }
    },
    {
        "model": "contenttypes.contenttype",
        "pk": 38,
        "fields": {
            "app_label": "progression",
            "model": "studentprogressionissue"
        }
    },
    {
        "model": "contenttypes.contenttype",
        "pk": 39,
        "fields": {
            "app_label": "progression",
            "model": "studentprogression"
        }
    },
    {
        "model": "accounts.user",
        "pk": 2,
        "fields": {
            "password": "pbkdf2_sha256$1000000$N0r7u0QPK5zqf0wbGLhIvS$z/GYlhdrK4FQAQFVWi8NHnhiAoStnL04bxEEUKQqwhk=",
            "created_at": "2025-06-23T17:27:21.238Z",
            "updated_at": "2025-06-24T08:57:23.522Z",
            "phone_number": "8337748",
            "first_name": "محمد",
            "last_name": "علي",
            "is_active": true,
            "is_staff": false,
            "is_superuser": false,
            "last_login": "2025-06-24T09:25:36.460Z",
            "is_phone_verified": false,
            "groups": [
                1
            ],
            "user_permissions": []
        }
    },
    {
        "model": "accounts.user",
        "pk": 4,
        "fields": {
            "password": "pbkdf2_sha256$1000000$9fUo9sTq51ibo9uxsGX06C$sDycplaHWg7PUhDAaDf2za5Y6HyiG98f1NEdF42OGsg=",
            "created_at": "2025-06-24T07:57:15.528Z",
            "updated_at": "2025-06-24T08:45:02.893Z",
            "phone_number": "00000000",
            "first_name": "محمد",
            "last_name": "علي",
            "is_active": true,
            "is_staff": false,
            "is_superuser": false,
            "last_login": "2025-08-23T13:00:18.359Z",
            "is_phone_verified": true,
            "groups": [
                1
            ],
            "user_permissions": []
        }
    },
    {
        "model": "accounts.user",
        "pk": 6,
        "fields": {
            "password": "pbkdf2_sha256$1000000$akf0pdUBKg1OMMV2AFnvat$gNQ8+VwBTT8Y5D96WtG6jm+apN0ulc2l+9hGnMDKs8w=",
            "created_at": "2025-06-24T09:40:19.627Z",
            "updated_at": "2025-06-24T09:40:45.962Z",
            "phone_number": "4444",
            "first_name": "محمد",
            "last_name": "علي",
            "is_active": true,
            "is_staff": false,
            "is_superuser": false,
            "last_login": "2025-06-24T10:58:12.205Z",
            "is_phone_verified": false,
            "groups": [
                1
            ],
            "user_permissions": []
        }
    },
    {
        "model": "accounts.user",
        "pk": 7,
        "fields": {
            "password": "pbkdf2_sha256$1000000$0V5h4sCAW2gQFtnF6H4rkl$+EHpkpnow40Vrt3HliyhHFctvk4wPR/vqaHZGfoVpPE=",
            "created_at": "2025-06-24T11:12:39.448Z",
            "updated_at": "2025-06-25T15:56:35.230Z",
            "phone_number": "0939666957",
            "first_name": "محمد",
            "last_name": "علي",
            "is_active": true,
            "is_staff": false,
            "is_superuser": false,
            "last_login": "2025-08-16T11:39:21.783Z",
            "is_phone_verified": true,
            "groups": [
                1
            ],
            "user_permissions": []
        }
    },
    {
        "model": "accounts.user",
        "pk": 8,
        "fields": {
            "password": "!GfPxzz9u0ENT18D2FbJFYdp92CekJPNemxkCI2AM",
            "created_at": "2025-06-24T16:53:50.808Z",
            "updated_at": "2025-06-24T16:53:50.808Z",
            "phone_number": "0912345678",
            "first_name": "سامي",
            "last_name": "علي",
            "is_active": false,
            "is_staff": false,
            "is_superuser": false,
            "last_login": null,
            "is_phone_verified": false,
            "groups": [
                2
            ],
            "user_permissions": []
        }
    },
    {
        "model": "accounts.user",
        "pk": 9,
        "fields": {
            "password": "!U1r1IHMXTCtipvdXbACiiVnAGtFLD6j3cqzS7dpd",
            "created_at": "2025-06-24T16:58:04.188Z",
            "updated_at": "2025-06-24T16:58:04.188Z",
            "phone_number": "091235678",
            "first_name": "سامي",
            "last_name": "علي",
            "is_active": false,
            "is_staff": false,
            "is_superuser": false,
            "last_login": null,
            "is_phone_verified": false,
            "groups": [
                2
            ],
            "user_permissions": []
        }
    },
    {
        "model": "accounts.user",
        "pk": 10,
        "fields": {
            "password": "!7RhIaIRo0KeSAciVaTr065VmlG5A0VhVYw8aR4Jk",
            "created_at": "2025-06-24T17:01:28.187Z",
            "updated_at": "2025-06-24T17:01:28.187Z",
            "phone_number": "0912357678",
            "first_name": "سامي",
            "last_name": "علي",
            "is_active": false,
            "is_staff": false,
            "is_superuser": false,
            "last_login": null,
            "is_phone_verified": false,
            "groups": [
                2
            ],
            "user_permissions": []
        }
    },
    {
        "model": "accounts.user",
        "pk": 11,
        "fields": {
            "password": "pbkdf2_sha256$1000000$pa59DTXHyS4g0ySyTvtln1$/mZY7XEDW2S9j8EuYmOR1ArDAK67rr/iyO799pc1Scg=",
            "created_at": "2025-06-24T17:27:51.733Z",
            "updated_at": "2025-08-23T14:16:02.113Z",
            "phone_number": "0923767778",
            "first_name": "سامي",
            "last_name": "علي",
            "is_active": true,
            "is_staff": false,
            "is_superuser": false,
            "last_login": null,
            "is_phone_verified": true,
            "groups": [
                2
            ],
            "user_permissions": []
        }
    },
    {
        "model": "accounts.user",
        "pk": 12,
        "fields": {
            "password": "pbkdf2_sha256$1000000$KV9xWN9eossXYUVXShzCYA$EkmKQxJQeftTQG6wjsdyJt1660M4kqKC30F3L5MWkmc=",
            "created_at": "2025-06-24T19:55:52.458Z",
            "updated_at": "2025-06-24T19:55:52.458Z",
            "phone_number": "0000",
            "first_name": "",
            "last_name": "",
            "is_active": true,
            "is_staff": true,
            "is_superuser": true,
            "last_login": "2025-08-23T20:11:57.633Z",
            "is_phone_verified": true,
            "groups": [],
            "user_permissions": []
        }
    },
    {
        "model": "accounts.user",
        "pk": 15,
        "fields": {
            "password": "!Vba8BCtq6EggI4CJG0EICmuleK04bjfP21YxSuVe",
            "created_at": "2025-06-25T06:01:50.962Z",
            "updated_at": "2025-06-25T06:01:50.962Z",
            "phone_number": "0923768",
            "first_name": "سامي",
            "last_name": "علي",
            "is_active": false,
            "is_staff": true,
            "is_superuser": false,
            "last_login": null,
            "is_phone_verified": false,
            "groups": [
                3
            ],
            "user_permissions": []
        }
    },
    {
        "model": "accounts.user",
        "pk": 16,
        "fields": {
            "password": "pbkdf2_sha256$1000000$bjNNwhGpyjf9CTxl1DLGMc$yTjsMXnavMivoMFcEjDW3bLq4snqMDsqBmLOmRsT0XE=",
            "created_at": "2025-06-25T14:40:55.125Z",
            "updated_at": "2025-06-30T07:46:45.405Z",
            "phone_number": "0937266261",
            "first_name": "سامي",
            "last_name": "علي",
            "is_active": true,
            "is_staff": true,
            "is_superuser": false,
            "last_login": "2025-07-24T11:20:17.962Z",
            "is_phone_verified": true,
            "groups": [
                3
            ],
            "user_permissions": []
        }
    },
    {
        "model": "accounts.user",
        "pk": 17,
        "fields": {
            "password": "pbkdf2_sha256$1000000$fraf6nAUaqdusBLOTvUo6k$/o2bDnai/6nfN8unTR0iMLnbeeMA8eq4m2f4P78CZCg=",
            "created_at": "2025-06-25T15:27:36.819Z",
            "updated_at": "2025-08-14T14:44:52.399Z",
            "phone_number": "1234567890",
            "first_name": "محمود",
            "last_name": "كندر",
            "is_active": true,
            "is_staff": false,
            "is_superuser": false,
            "last_login": "2025-08-18T13:22:03.856Z",
            "is_phone_verified": true,
            "groups": [
                1
            ],
            "user_permissions": []
        }
    },
    {
        "model": "accounts.user",
        "pk": 18,
        "fields": {
            "password": "pbkdf2_sha256$1000000$WVWxFFLqrAWHe1gR1Ws2pO$mWdEcMHt91OP24/OkluoZosnq7PDU5owJJ7ypkAAlew=",
            "created_at": "2025-06-25T21:39:33.881Z",
            "updated_at": "2025-06-25T21:40:24.931Z",
            "phone_number": "00000",
            "first_name": "سامي",
            "last_name": "علي",
            "is_active": true,
            "is_staff": false,
            "is_superuser": false,
            "last_login": "2025-06-27T08:38:16.797Z",
            "is_phone_verified": true,
            "groups": [
                2
            ],
            "user_permissions": []
        }
    },
    {
        "model": "accounts.user",
        "pk": 19,
        "fields": {
            "password": "pbkdf2_sha256$1000000$drldwPVWYkZK5KvPiqrsgi$f/bVBmveRXdIXyw5DHzAuuy4yW7la/w01KwLt3/oHlA=",
            "created_at": "2025-06-25T22:20:25.394Z",
            "updated_at": "2025-06-25T22:21:56.099Z",
            "phone_number": "11111",
            "first_name": "سامي",
            "last_name": "علي",
            "is_active": true,
            "is_staff": false,
            "is_superuser": false,
            "last_login": null,
            "is_phone_verified": false,
            "groups": [
                2
            ],
            "user_permissions": []
        }
    },
    {
        "model": "accounts.user",
        "pk": 20,
        "fields": {
            "password": "!97y1s2wnsDCTRbIeu9mUIHsHIjKkx2DOMk1Z5P4e",
            "created_at": "2025-06-26T14:27:08.777Z",
            "updated_at": "2025-06-26T14:27:08.777Z",
            "phone_number": "2222",
            "first_name": "سامي",
            "last_name": "علي",
            "is_active": false,
            "is_staff": false,
            "is_superuser": false,
            "last_login": null,
            "is_phone_verified": false,
            "groups": [
                2
            ],
            "user_permissions": []
        }
    },
    {
        "model": "accounts.user",
        "pk": 21,
        "fields": {
            "password": "pbkdf2_sha256$1000000$Vo2xMw2LjYGCvqBHl1Ocl5$1ScPFJAXUQYFtKpNhVD/jqKVfjmb0E+MF3RIcCC6LBA=",
            "created_at": "2025-06-27T12:59:43.012Z",
            "updated_at": "2025-06-27T12:59:43.012Z",
            "phone_number": "09389580",
            "first_name": "محمود",
            "last_name": "كندر",
            "is_active": true,
            "is_staff": false,
            "is_superuser": false,
            "last_login": null,
            "is_phone_verified": true,
            "groups": [
                1
            ],
            "user_permissions": []
        }
    },
    {
        "model": "accounts.user",
        "pk": 22,
        "fields": {
            "password": "!XXDkZI9XSLIAiEpedfFkpRkyQp8iYWlxqjw8RwwE",
            "created_at": "2025-06-28T11:41:06.071Z",
            "updated_at": "2025-06-28T11:41:06.071Z",
            "phone_number": "7777",
            "first_name": "سامي",
            "last_name": "علي",
            "is_active": false,
            "is_staff": false,
            "is_superuser": false,
            "last_login": null,
            "is_phone_verified": false,
            "groups": [
                2
            ],
            "user_permissions": []
        }
    },
    {
        "model": "accounts.user",
        "pk": 23,
        "fields": {
            "password": "pbkdf2_sha256$1000000$b3rnRwVx9wgAFDMkMQ1yhZ$+1sWMnzP4LnZPXTnU0TGN+fnGVyx51XNFvTr3+IdatI=",
            "created_at": "2025-06-28T14:07:11.903Z",
            "updated_at": "2025-06-28T14:15:23.272Z",
            "phone_number": "0994243599",
            "first_name": "سامي",
            "last_name": "علي",
            "is_active": true,
            "is_staff": false,
            "is_superuser": false,
            "last_login": null,
            "is_phone_verified": true,
            "groups": [
                2
            ],
            "user_permissions": []
        }
    },
    {
        "model": "accounts.user",
        "pk": 25,
        "fields": {
            "password": "pbkdf2_sha256$1000000$WHDPYdAEbDOx9KrC7SidfG$S7nqOqtQdTo5ZfchdPP07VpuAsSg1NR0OzSSeoMpjsg=",
            "created_at": "2025-07-02T01:43:28.234Z",
            "updated_at": "2025-08-19T13:38:07.075Z",
            "phone_number": "0096650",
            "first_name": "أحمد",
            "last_name": "محمد",
            "is_active": true,
            "is_staff": false,
            "is_superuser": false,
            "last_login": null,
            "is_phone_verified": true,
            "groups": [
                2
            ],
            "user_permissions": []
        }
    },
    {
        "model": "accounts.user",
        "pk": 26,
        "fields": {
            "password": "pbkdf2_sha256$1000000$KhFVPt1kaUdDBLjoVQ5E1S$VwTNj7eFC93peI/973JJLwD1nRfO3OTXoNtEJM6XgCw=",
            "created_at": "2025-07-10T11:56:41.830Z",
            "updated_at": "2025-08-03T11:33:31.832Z",
            "phone_number": "0983649427",
            "first_name": "محمود",
            "last_name": "كندر",
            "is_active": true,
            "is_staff": false,
            "is_superuser": false,
            "last_login": "2025-08-23T12:18:35.977Z",
            "is_phone_verified": true,
            "groups": [
                1
            ],
            "user_permissions": []
        }
    },
    {
        "model": "accounts.user",
        "pk": 31,
        "fields": {
            "password": "pbkdf2_sha256$1000000$pr7wW6PWWG8ZLbpfnYsl88$E8KCgDI8by23OD3nW02sp+Dx123cXP12qjMx14QX86s=",
            "created_at": "2025-07-24T21:30:53.230Z",
            "updated_at": "2025-08-04T20:39:05.048Z",
            "phone_number": "099999993",
            "first_name": "رنيم",
            "last_name": "بشار",
            "is_active": true,
            "is_staff": false,
            "is_superuser": false,
            "last_login": null,
            "is_phone_verified": true,
            "groups": [
                2
            ],
            "user_permissions": []
        }
    },
    {
        "model": "accounts.user",
        "pk": 34,
        "fields": {
            "password": "!Zc8D3dBad73PHHdsTWbH32UGafdXlPqfKrRrJa4z",
            "created_at": "2025-07-24T21:44:44.987Z",
            "updated_at": "2025-07-24T21:44:44.987Z",
            "phone_number": "003344566",
            "first_name": "رنيم",
            "last_name": "بشار",
            "is_active": false,
            "is_staff": false,
            "is_superuser": false,
            "last_login": null,
            "is_phone_verified": false,
            "groups": [
                2
            ],
            "user_permissions": []
        }
    },
    {
        "model": "accounts.user",
        "pk": 38,
        "fields": {
            "password": "pbkdf2_sha256$1000000$UUAKjR1AyfFmkWm9c2jBNY$EzEC/MMWq6J+rb61utNMLDJRBPgUe9NOmnAfpjmXZQI=",
            "created_at": "2025-07-24T21:58:17.926Z",
            "updated_at": "2025-08-14T15:17:58.213Z",
            "phone_number": "003344866",
            "first_name": "عبد الله",
            "last_name": "بشار",
            "is_active": true,
            "is_staff": false,
            "is_superuser": false,
            "last_login": null,
            "is_phone_verified": true,
            "groups": [
                2
            ],
            "user_permissions": []
        }
    },
    {
        "model": "accounts.user",
        "pk": 39,
        "fields": {
            "password": "!zedZH3ojT5WFhso2LCvKw9Vw2dUpKjG1h0IO1lKI",
            "created_at": "2025-07-25T09:01:27.850Z",
            "updated_at": "2025-07-25T09:01:27.850Z",
            "phone_number": "88888",
            "first_name": "رنيم",
            "last_name": "بشار",
            "is_active": false,
            "is_staff": false,
            "is_superuser": false,
            "last_login": null,
            "is_phone_verified": false,
            "groups": [
                2
            ],
            "user_permissions": []
        }
    },
    {
        "model": "accounts.user",
        "pk": 40,
        "fields": {
            "password": "pbkdf2_sha256$1000000$2STJN7gtnfmTRuhxENJfdW$hdGpgo2adfQerRmzahe9fyOabnPQj6+TZyBqM6lXSmo=",
            "created_at": "2025-07-26T10:32:32.598Z",
            "updated_at": "2025-07-27T10:15:23.532Z",
            "phone_number": "8888",
            "first_name": "رنيم",
            "last_name": "بشار",
            "is_active": true,
            "is_staff": false,
            "is_superuser": false,
            "last_login": null,
            "is_phone_verified": true,
            "groups": [
                2
            ],
            "user_permissions": []
        }
    },
    {
        "model": "accounts.user",
        "pk": 41,
        "fields": {
            "password": "pbkdf2_sha256$1000000$pZNJ8tmI5QEhDEPDCpznnP$btQaccLCsfOt9yTCqZ4e881omuTmqBjk93c0iRpzCQE=",
            "created_at": "2025-08-13T19:11:07.564Z",
            "updated_at": "2025-08-13T19:11:07.564Z",
            "phone_number": "0991234567",
            "first_name": "محمد",
            "last_name": "علي",
            "is_active": true,
            "is_staff": false,
            "is_superuser": false,
            "last_login": null,
            "is_phone_verified": false,
            "groups": [
                1
            ],
            "user_permissions": []
        }
    },
    {
        "model": "accounts.user",
        "pk": 42,
        "fields": {
            "password": "pbkdf2_sha256$1000000$4gUPDbpo4OKihyrxo0Zau3$OiCM4lh6LO01LEnbOOK+Tuy0G0WPmMu55urVSzdIizY=",
            "created_at": "2025-08-13T20:27:13.149Z",
            "updated_at": "2025-08-13T20:27:13.149Z",
            "phone_number": "3333",
            "first_name": "محمد",
            "last_name": "علي",
            "is_active": false,
            "is_staff": false,
            "is_superuser": false,
            "last_login": null,
            "is_phone_verified": false,
            "groups": [
                1
            ],
            "user_permissions": []
        }
    },
    {
        "model": "accounts.user",
        "pk": 43,
        "fields": {
            "password": "pbkdf2_sha256$1000000$fz74JX6i6u4wY84rGG1E0R$/naDXzmftAhBzQqGsUKBG27NJI6lLP6s6LB4h2LMnQA=",
            "created_at": "2025-08-13T20:30:08.078Z",
            "updated_at": "2025-08-13T20:30:08.078Z",
            "phone_number": "3363",
            "first_name": "محمد",
            "last_name": "علي",
            "is_active": true,
            "is_staff": false,
            "is_superuser": false,
            "last_login": null,
            "is_phone_verified": false,
            "groups": [
                1
            ],
            "user_permissions": []
        }
    },
    {
        "model": "accounts.user",
        "pk": 44,
        "fields": {
            "password": "pbkdf2_sha256$1000000$OZ8WqTSlTTS6gA8mZlIVJe$5tggEKRbCbvNBvuK42S4kEkFaUBsNEWxHjwvbmsvd2Q=",
            "created_at": "2025-08-13T20:35:40.842Z",
            "updated_at": "2025-08-13T20:35:40.842Z",
            "phone_number": "33677",
            "first_name": "محمد",
            "last_name": "علي",
            "is_active": true,
            "is_staff": false,
            "is_superuser": false,
            "last_login": null,
            "is_phone_verified": false,
            "groups": [
                1
            ],
            "user_permissions": []
        }
    },
    {
        "model": "accounts.user",
        "pk": 45,
        "fields": {
            "password": "pbkdf2_sha256$1000000$eilepNXSRFdT8e424wTtGJ$WWhloaI38edBZEzPtuvYJFWXCwG7ic7CwShWx7D//Kw=",
            "created_at": "2025-08-13T20:36:56.474Z",
            "updated_at": "2025-08-13T20:36:56.474Z",
            "phone_number": "33678",
            "first_name": "محمد",
            "last_name": "علي",
            "is_active": true,
            "is_staff": false,
            "is_superuser": false,
            "last_login": null,
            "is_phone_verified": false,
            "groups": [
                1
            ],
            "user_permissions": []
        }
    },
    {
        "model": "accounts.user",
        "pk": 49,
        "fields": {
            "password": "pbkdf2_sha256$1000000$Wq2rYB8gsM6JnNhsXhC7ct$a0d0KASD3ZFSIql3ap3lATtNrR1fZkaxWsj4r+5lHM4=",
            "created_at": "2025-08-13T20:53:01.064Z",
            "updated_at": "2025-08-13T20:53:01.064Z",
            "phone_number": "33664",
            "first_name": "محمد",
            "last_name": "علي",
            "is_active": true,
            "is_staff": false,
            "is_superuser": false,
            "last_login": null,
            "is_phone_verified": false,
            "groups": [
                1
            ],
            "user_permissions": []
        }
    },
    {
        "model": "accounts.user",
        "pk": 50,
        "fields": {
            "password": "pbkdf2_sha256$1000000$PlTYK63gnUwagI924ppwoW$eZu8ZCbKIe4ddHQAXCaBTsvX9jWWu3rj58UOBPjQMOw=",
            "created_at": "2025-08-14T14:40:26.265Z",
            "updated_at": "2025-08-14T14:40:26.265Z",
            "phone_number": "300064",
            "first_name": "محمد",
            "last_name": "علي",
            "is_active": true,
            "is_staff": false,
            "is_superuser": false,
            "last_login": null,
            "is_phone_verified": false,
            "groups": [
                1
            ],
            "user_permissions": []
        }
    },
    {
        "model": "accounts.user",
        "pk": 51,
        "fields": {
            "password": "!BUmNpK1OtCRYEfnPQSD01j2WfYP7rgmy1yvF4mbq",
            "created_at": "2025-08-21T14:26:18.005Z",
            "updated_at": "2025-08-21T14:26:18.005Z",
            "phone_number": "0930539548",
            "first_name": "khadijhe",
            "last_name": "hassoun",
            "is_active": false,
            "is_staff": false,
            "is_superuser": false,
            "last_login": null,
            "is_phone_verified": false,
            "groups": [
                2
            ],
            "user_permissions": []
        }
    },
    {
        "model": "accounts.otp",
        "pk": 1,
        "fields": {
            "user": 6,
            "code": "204754",
            "created_at": "2025-06-24T10:59:50.868Z",
            "expires_at": "2025-06-24T11:09:50.868Z",
            "is_verified": false
        }
    },
    {
        "model": "accounts.otp",
        "pk": 9,
        "fields": {
            "user": 7,
            "code": "237790",
            "created_at": "2025-06-24T12:51:17.312Z",
            "expires_at": "2025-06-24T13:01:17.311Z",
            "is_verified": true
        }
    },
    {
        "model": "accounts.otp",
        "pk": 14,
        "fields": {
            "user": 7,
            "code": "186048",
            "created_at": "2025-06-25T15:14:41.135Z",
            "expires_at": "2025-06-25T15:24:41.135Z",
            "is_verified": true
        }
    },
    {
        "model": "accounts.otp",
        "pk": 15,
        "fields": {
            "user": 16,
            "code": "793109",
            "created_at": "2025-06-25T15:15:31.741Z",
            "expires_at": "2025-06-25T15:25:31.741Z",
            "is_verified": true
        }
    },
    {
        "model": "accounts.otp",
        "pk": 20,
        "fields": {
            "user": 7,
            "code": "259238",
            "created_at": "2025-06-25T15:48:46.187Z",
            "expires_at": "2025-06-25T15:58:46.186Z",
            "is_verified": true
        }
    },
    {
        "model": "accounts.otp",
        "pk": 21,
        "fields": {
            "user": 7,
            "code": "497824",
            "created_at": "2025-06-25T15:55:59.354Z",
            "expires_at": "2025-06-25T16:05:59.354Z",
            "is_verified": true
        }
    },
    {
        "model": "accounts.otp",
        "pk": 22,
        "fields": {
            "user": 16,
            "code": "776673",
            "created_at": "2025-06-25T15:56:45.163Z",
            "expires_at": "2025-06-25T16:06:45.162Z",
            "is_verified": true
        }
    },
    {
        "model": "accounts.otp",
        "pk": 24,
        "fields": {
            "user": 23,
            "code": "784040",
            "created_at": "2025-06-28T14:08:00.782Z",
            "expires_at": "2025-06-28T14:18:00.781Z",
            "is_verified": true
        }
    },
    {
        "model": "accounts.otp",
        "pk": 25,
        "fields": {
            "user": 16,
            "code": "825298",
            "created_at": "2025-06-30T07:45:09.691Z",
            "expires_at": "2025-06-30T07:55:09.691Z",
            "is_verified": true
        }
    },
    {
        "model": "accounts.otp",
        "pk": 26,
        "fields": {
            "user": 26,
            "code": "527382",
            "created_at": "2025-07-10T11:59:26.868Z",
            "expires_at": "2025-07-10T12:09:26.867Z",
            "is_verified": true
        }
    },
    {
        "model": "accounts.otp",
        "pk": 89,
        "fields": {
            "user": 40,
            "code": "748678",
            "created_at": "2025-07-26T10:32:51.712Z",
            "expires_at": "2025-07-26T10:42:51.712Z",
            "is_verified": true
        }
    },
    {
        "model": "accounts.otp",
        "pk": 100,
        "fields": {
            "user": 26,
            "code": "235860",
            "created_at": "2025-08-02T14:54:48.147Z",
            "expires_at": "2025-08-02T15:04:48.147Z",
            "is_verified": false
        }
    },
    {
        "model": "accounts.otp",
        "pk": 102,
        "fields": {
            "user": 16,
            "code": "798403",
            "created_at": "2025-08-13T15:12:27.333Z",
            "expires_at": "2025-08-13T15:22:27.333Z",
            "is_verified": false
        }
    },
    {
        "model": "accounts.otp",
        "pk": 103,
        "fields": {
            "user": 17,
            "code": "268794",
            "created_at": "2025-08-13T15:15:06.263Z",
            "expires_at": "2025-08-13T15:25:06.263Z",
            "is_verified": false
        }
    },
    {
        "model": "accounts.otp",
        "pk": 104,
        "fields": {
            "user": 12,
            "code": "156824",
            "created_at": "2025-08-13T15:22:27.350Z",
            "expires_at": "2025-08-13T15:32:27.350Z",
            "is_verified": false
        }
    },
    {
        "model": "academic.academicyear",
        "pk": 1,
        "fields": {
            "created_at": "2025-06-23T17:26:07.086Z",
            "updated_at": "2025-07-24T11:32:04.456Z",
            "name": "2024-2025",
            "start_date": "2024-09-01",
            "end_date": "2025-06-30",
            "is_current": true
        }
    },
    {
        "model": "academic.academicyear",
        "pk": 3,
        "fields": {
            "created_at": "2025-08-06T18:30:42.673Z",
            "updated_at": "2025-08-06T18:30:42.673Z",
            "name": "2023-2024",
            "start_date": "2023-09-01",
            "end_date": "2024-06-30",
            "is_current": false
        }
    },
    {
        "model": "academic.academicyear",
        "pk": 4,
        "fields": {
            "created_at": "2025-08-22T12:05:39.200Z",
            "updated_at": "2025-08-22T12:05:39.200Z",
            "name": "2025-2026",
            "start_date": "2025-09-01",
            "end_date": "2026-06-30",
            "is_current": false
        }
    },
    {
        "model": "academic.academicterm",
        "pk": 1,
        "fields": {
            "created_at": "2025-06-23T17:27:10.789Z",
            "updated_at": "2025-07-24T11:43:50.390Z",
            "academic_year": 1,
            "name": "الفصل الدراسي الثاني",
            "start_date": "2024-09-01",
            "end_date": "2024-11-01",
            "is_current": false
        }
    },
    {
        "model": "academic.academicterm",
        "pk": 2,
        "fields": {
            "created_at": "2025-07-24T11:41:00.307Z",
            "updated_at": "2025-07-24T11:41:00.307Z",
            "academic_year": 1,
            "name": "الفصل الدراسي الاول",
            "start_date": "2025-01-01",
            "end_date": "2025-06-15",
            "is_current": true
        }
    },
    {
        "model": "academic.academicterm",
        "pk": 3,
        "fields": {
            "created_at": "2025-08-06T18:32:06.512Z",
            "updated_at": "2025-08-06T18:32:06.512Z",
            "academic_year": 3,
            "name": "الفصل الدراسي الاول",
            "start_date": "2023-01-01",
            "end_date": "2024-06-15",
            "is_current": false
        }
    },
    {
        "model": "academic.timeslot",
        "pk": 1,
        "fields": {
            "slot_number": 1,
            "name": "الحصة الاولى",
            "start_time": "08:00:00",
            "end_time": "08:45:00",
            "is_break": false,
            "created_at": "2025-08-03T13:35:50.104Z"
        }
    },
    {
        "model": "academic.timeslot",
        "pk": 2,
        "fields": {
            "slot_number": 2,
            "name": "الحصة الثانية",
            "start_time": "08:45:00",
            "end_time": "09:30:00",
            "is_break": false,
            "created_at": "2025-08-03T13:36:27.629Z"
        }
    },
    {
        "model": "academic.dayofweek",
        "pk": 1,
        "fields": {
            "name_ar": "الاثنين",
            "is_school_day": true,
            "created_at": "2025-08-03T17:42:30.345Z"
        }
    },
    {
        "model": "academic.dayofweek",
        "pk": 2,
        "fields": {
            "name_ar": "الثلاثاء",
            "is_school_day": true,
            "created_at": "2025-08-03T17:42:30.354Z"
        }
    },
    {
        "model": "academic.dayofweek",
        "pk": 3,
        "fields": {
            "name_ar": "الأربعاء",
            "is_school_day": true,
            "created_at": "2025-08-03T17:42:30.358Z"
        }
    },
    {
        "model": "academic.dayofweek",
        "pk": 4,
        "fields": {
            "name_ar": "الخميس",
            "is_school_day": true,
            "created_at": "2025-08-03T17:42:30.361Z"
        }
    },
    {
        "model": "academic.dayofweek",
        "pk": 5,
        "fields": {
            "name_ar": "الجمعة",
            "is_school_day": true,
            "created_at": "2025-08-03T17:42:30.365Z"
        }
    },
    {
        "model": "academic.dayofweek",
        "pk": 6,
        "fields": {
            "name_ar": "السبت",
            "is_school_day": false,
            "created_at": "2025-08-03T17:42:30.368Z"
        }
    },
    {
        "model": "academic.dayofweek",
        "pk": 7,
        "fields": {
            "name_ar": "الأحد",
            "is_school_day": false,
            "created_at": "2025-08-03T17:42:30.373Z"
        }
    },
    {
        "model": "classes.class",
        "pk": 1,
        "fields": {
            "created_at": "2025-06-23T17:25:08.547Z",
            "updated_at": "2025-06-23T17:25:08.547Z",
            "name": "الصف الثاني",
            "description": "فصل لطلاب الصف الثاني",
            "next_class": 3
        }
    },
    {
        "model": "classes.class",
        "pk": 3,
        "fields": {
            "created_at": "2025-07-24T08:35:40.759Z",
            "updated_at": "2025-07-24T08:35:40.759Z",
            "name": "الصف الثالث",
            "description": "فصل لطلاب الصف االثالث",
            "next_class": null
        }
    },
    {
        "model": "classes.section",
        "pk": 1,
        "fields": {
            "created_at": "2025-06-23T17:28:59.900Z",
            "updated_at": "2025-08-14T14:57:59.586Z",
            "name": "شعبة أ",
            "stream_type": "General",
            "academic_year": 1,
            "class_obj": 1,
            "capacity": 30,
            "is_active": true,
            "activation_date": "2025-06-23T20:28:59.900Z",
            "deactivation_date": null,
            "students_count": 10
        }
    },
    {
        "model": "classes.section",
        "pk": 3,
        "fields": {
            "created_at": "2025-06-23T17:28:59.913Z",
            "updated_at": "2025-08-14T14:44:52.401Z",
            "name": "شعبة ج",
            "stream_type": "General\r\n",
            "academic_year": 1,
            "class_obj": 1,
            "capacity": 28,
            "is_active": true,
            "activation_date": "2025-08-14T16:42:03.742Z",
            "deactivation_date": null,
            "students_count": 2
        }
    },
    {
        "model": "classes.section",
        "pk": 7,
        "fields": {
            "created_at": "2025-07-24T08:55:35.183Z",
            "updated_at": "2025-07-24T08:55:35.183Z",
            "name": "شعبة أ",
            "stream_type": "Scientific",
            "academic_year": 1,
            "class_obj": 3,
            "capacity": 30,
            "is_active": true,
            "activation_date": "2025-07-24T11:55:35.183Z",
            "deactivation_date": null,
            "students_count": 0
        }
    },
    {
        "model": "classes.section",
        "pk": 8,
        "fields": {
            "created_at": "2025-07-24T08:55:35.214Z",
            "updated_at": "2025-07-24T08:55:35.214Z",
            "name": "شعبة ب",
            "stream_type": "Scientific",
            "academic_year": 1,
            "class_obj": 3,
            "capacity": 25,
            "is_active": true,
            "activation_date": "2025-07-24T11:55:35.214Z",
            "deactivation_date": null,
            "students_count": 0
        }
    },
    {
        "model": "classes.section",
        "pk": 9,
        "fields": {
            "created_at": "2025-07-24T08:55:35.218Z",
            "updated_at": "2025-07-24T08:55:35.218Z",
            "name": "شعبة ج",
            "stream_type": "Scientific",
            "academic_year": 1,
            "class_obj": 3,
            "capacity": 28,
            "is_active": false,
            "activation_date": null,
            "deactivation_date": null,
            "students_count": 0
        }
    },
    {
        "model": "classes.section",
        "pk": 11,
        "fields": {
            "created_at": "2025-08-21T14:39:44.262Z",
            "updated_at": "2025-08-21T14:39:44.262Z",
            "name": "أ",
            "stream_type": "Scientific",
            "academic_year": 1,
            "class_obj": 3,
            "capacity": 30,
            "is_active": true,
            "activation_date": "2025-08-21T17:39:44.262Z",
            "deactivation_date": null,
            "students_count": 0
        }
    },
    {
        "model": "classes.section",
        "pk": 12,
        "fields": {
            "created_at": "2025-08-21T14:39:44.275Z",
            "updated_at": "2025-08-21T14:39:44.275Z",
            "name": "ب",
            "stream_type": "Scientific",
            "academic_year": 1,
            "class_obj": 3,
            "capacity": 25,
            "is_active": true,
            "activation_date": "2025-08-21T17:39:44.275Z",
            "deactivation_date": null,
            "students_count": 0
        }
    },
    {
        "model": "subject.subjecticon",
        "pk": 1,
        "fields": {
            "created_at": "2025-08-14T10:09:05.086Z",
            "updated_at": "2025-08-14T10:09:05.086Z",
            "name": "رياضيات",
            "icon_file": "subject/subject_files/icons/math.jpg"
        }
    },
    {
        "model": "subject.subjecticon",
        "pk": 2,
        "fields": {
            "created_at": "2025-08-14T10:09:05.096Z",
            "updated_at": "2025-08-14T10:09:05.096Z",
            "name": "كيمياء",
            "icon_file": "subject/subject_files/icons/chemistry.jpg"
        }
    },
    {
        "model": "subject.subject",
        "pk": 1,
        "fields": {
            "created_at": "2025-07-01T04:36:40.023Z",
            "updated_at": "2025-07-01T04:36:40.023Z",
            "class_obj": 1,
            "section": null,
            "stream_type": null,
            "name": "اللغة العربية",
            "description": "مادة اللغة العربية للصف التاسع، تشمل القواعد والأدب.",
            "is_active": true,
            "pdf_file": "",
            "icon": 1,
            "default_weekly_lessons": 0,
            "academic_year": 1,
            "academic_term": 1
        }
    },
    {
        "model": "subject.subject",
        "pk": 2,
        "fields": {
            "created_at": "2025-07-01T04:39:59.213Z",
            "updated_at": "2025-07-01T04:39:59.213Z",
            "class_obj": null,
            "section": null,
            "stream_type": "Scientific",
            "name": "الفيزياء المتقدمة",
            "description": "مادة متقدمة في الفيزياء مخصصة للطلاب في المسار العلمي للصف العاشر.",
            "is_active": true,
            "pdf_file": "",
            "icon": 1,
            "default_weekly_lessons": 0,
            "academic_year": 1,
            "academic_term": 1
        }
    },
    {
        "model": "subject.subject",
        "pk": 3,
        "fields": {
            "created_at": "2025-07-02T00:40:55.700Z",
            "updated_at": "2025-07-02T00:40:55.700Z",
            "class_obj": null,
            "section": null,
            "stream_type": "Scientific",
            "name": "الفيزياء المتقدمة",
            "description": "مادة متقدمة في الفيزياء مخصصة للطلاب في المسار العلمي للصف العاشر.",
            "is_active": true,
            "pdf_file": "",
            "icon": null,
            "default_weekly_lessons": 4,
            "academic_year": 1,
            "academic_term": 1
        }
    },
    {
        "model": "subject.subject",
        "pk": 4,
        "fields": {
            "created_at": "2025-07-02T00:44:33.132Z",
            "updated_at": "2025-07-02T00:44:33.132Z",
            "class_obj": null,
            "section": null,
            "stream_type": "Scientific",
            "name": "الفيزياء المتقدمة",
            "description": "مادة متقدمة في الفيزياء مخصصة للطلاب في المسار العلمي للصف العاشر.",
            "is_active": true,
            "pdf_file": "subject_pdfs/اكتب_لي_تقرير_عن_المقارنة_بشكل_اوضح.pdf",
            "icon": null,
            "default_weekly_lessons": 5,
            "academic_year": 1,
            "academic_term": 1
        }
    },
    {
        "model": "subject.subject",
        "pk": 5,
        "fields": {
            "created_at": "2025-07-24T12:19:50.157Z",
            "updated_at": "2025-07-24T12:19:50.157Z",
            "class_obj": 3,
            "section": 8,
            "stream_type": "Scientific",
            "name": "الفيزياء المتقدمة",
            "description": "مادة متقدمة في الفيزياء مخصصة للطلاب في المسار العلمي للصف العاشر.",
            "is_active": true,
            "pdf_file": "",
            "icon": null,
            "default_weekly_lessons": 5,
            "academic_year": 1,
            "academic_term": 1
        }
    },
    {
        "model": "subject.subject",
        "pk": 6,
        "fields": {
            "created_at": "2025-07-24T12:22:38.895Z",
            "updated_at": "2025-07-24T12:22:38.895Z",
            "class_obj": 3,
            "section": 8,
            "stream_type": "Scientific",
            "name": "الفيزياء المتقدمة",
            "description": "مادة متقدمة في الفيزياء مخصصة للطلاب في المسار العلمي للصف العاشر.",
            "is_active": true,
            "pdf_file": "",
            "icon": null,
            "default_weekly_lessons": 5,
            "academic_year": 1,
            "academic_term": 1
        }
    },
    {
        "model": "subject.subject",
        "pk": 7,
        "fields": {
            "created_at": "2025-07-24T12:34:34.986Z",
            "updated_at": "2025-07-24T12:34:34.986Z",
            "class_obj": 3,
            "section": 8,
            "stream_type": "Scientific",
            "name": "الفيزياء المتقدمة",
            "description": "مادة متقدمة في الفيزياء مخصصة للطلاب في المسار العلمي للصف العاشر.",
            "is_active": true,
            "pdf_file": "",
            "icon": null,
            "default_weekly_lessons": 5,
            "academic_year": 1,
            "academic_term": 1
        }
    },
    {
        "model": "subject.subject",
        "pk": 8,
        "fields": {
            "created_at": "2025-07-24T12:40:14.831Z",
            "updated_at": "2025-07-24T12:40:14.831Z",
            "class_obj": 3,
            "section": 8,
            "stream_type": "Scientific",
            "name": "الفيزياء المتقدمة",
            "description": "مادة متقدمة في الفيزياء مخصصة للطلاب في المسار العلمي للصف العاشر.",
            "is_active": true,
            "pdf_file": "subject/subject_pdfs/مشروع_1.pdf",
            "icon": null,
            "default_weekly_lessons": 5,
            "academic_year": 1,
            "academic_term": 1
        }
    },
    {
        "model": "subject.subject",
        "pk": 9,
        "fields": {
            "created_at": "2025-07-24T15:32:41.522Z",
            "updated_at": "2025-07-24T15:32:41.522Z",
            "class_obj": 3,
            "section": 8,
            "stream_type": "Scientific",
            "name": "الفيزياء المتقدمة",
            "description": "مادة متقدمة في الفيزياء مخصصة للطلاب في المسار العلمي للصف العاشر.",
            "is_active": true,
            "pdf_file": "subject/subject_pdfs/مشروع_1_OSn9qzj.pdf",
            "icon": null,
            "default_weekly_lessons": 5,
            "academic_year": 1,
            "academic_term": 1
        }
    },
    {
        "model": "subject.subject",
        "pk": 11,
        "fields": {
            "created_at": "2025-08-02T09:50:19.248Z",
            "updated_at": "2025-08-02T09:50:19.248Z",
            "class_obj": 1,
            "section": null,
            "stream_type": "General",
            "name": "الفيزياء المتقدمة",
            "description": "مادة متقدمة في الفيزياء مخصصة للطلاب في المسار العلمي للصف العاشر.",
            "is_active": true,
            "pdf_file": "subject/subject_pdfs/مشروع_1.pdf",
            "icon": 1,
            "default_weekly_lessons": 5,
            "academic_year": 1,
            "academic_term": 1
        }
    },
    {
        "model": "subject.subject",
        "pk": 12,
        "fields": {
            "created_at": "2025-08-14T10:20:00.714Z",
            "updated_at": "2025-08-14T10:20:00.714Z",
            "class_obj": 3,
            "section": 8,
            "stream_type": "Scientific",
            "name": "الرياضيات",
            "description": "دراسة الأعداد والأشكال",
            "is_active": true,
            "pdf_file": "subject/subject_files/subject_pdfs/مشروع_1.pdf",
            "icon": 1,
            "default_weekly_lessons": 5,
            "academic_year": 1,
            "academic_term": 1
        }
    },
    {
        "model": "subject.subject",
        "pk": 13,
        "fields": {
            "created_at": "2025-08-18T07:40:38.956Z",
            "updated_at": "2025-08-18T07:40:38.956Z",
            "class_obj": 3,
            "section": 8,
            "stream_type": "Scientific",
            "name": "الرياضيات",
            "description": "دراسة الأعداد والأشكال",
            "is_active": true,
            "pdf_file": "subject/subject_files/subject_pdfs/مشروع_1_msxo5oE.pdf",
            "icon": 1,
            "default_weekly_lessons": 5,
            "academic_year": 1,
            "academic_term": 2
        }
    },
    {
        "model": "subject.subject",
        "pk": 14,
        "fields": {
            "created_at": "2025-08-18T07:42:43.515Z",
            "updated_at": "2025-08-18T07:42:43.515Z",
            "class_obj": 3,
            "section": null,
            "stream_type": "General",
            "name": "الرياضيات",
            "description": "دراسة الأعداد والأشكال",
            "is_active": true,
            "pdf_file": "subject/subject_files/subject_pdfs/مشروع_1_3sgdOcR.pdf",
            "icon": 1,
            "default_weekly_lessons": 5,
            "academic_year": 1,
            "academic_term": 2
        }
    },
    {
        "model": "subject.subject",
        "pk": 15,
        "fields": {
            "created_at": "2025-08-18T08:00:42.202Z",
            "updated_at": "2025-08-18T08:00:42.202Z",
            "class_obj": 3,
            "section": null,
            "stream_type": "General",
            "name": "الرياضيات",
            "description": "دراسة الأعداد والأشكال",
            "is_active": true,
            "pdf_file": "subject/subject_files/subject_pdfs/مشروع_1_i6JVPEW.pdf",
            "icon": 1,
            "default_weekly_lessons": 5,
            "academic_year": 1,
            "academic_term": 2
        }
    },
    {
        "model": "subject.subject",
        "pk": 16,
        "fields": {
            "created_at": "2025-08-18T08:31:24.900Z",
            "updated_at": "2025-08-18T08:31:24.900Z",
            "class_obj": 1,
            "section": null,
            "stream_type": "General",
            "name": "الفيزياء المتقدمة",
            "description": "مادة متقدمة في الفيزياء مخصصة للطلاب في المسار العلمي للصف العاشر.",
            "is_active": true,
            "pdf_file": "subject/subject_files/subject_pdfs/المحاضرة_الأولى.pdf",
            "icon": null,
            "default_weekly_lessons": 5,
            "academic_year": 1,
            "academic_term": 2
        }
    },
    {
        "model": "subject.subject",
        "pk": 17,
        "fields": {
            "created_at": "2025-08-18T12:43:35.770Z",
            "updated_at": "2025-08-18T12:43:35.771Z",
            "class_obj": 1,
            "section": null,
            "stream_type": "General",
            "name": "الرياضيات",
            "description": "دراسة الأعداد والأشكال",
            "is_active": true,
            "pdf_file": "subject/subject_files/subject_pdfs/مشروع_1_P7nixMv.pdf",
            "icon": 1,
            "default_weekly_lessons": 5,
            "academic_year": 1,
            "academic_term": 2
        }
    },
    {
        "model": "subject.subject",
        "pk": 18,
        "fields": {
            "created_at": "2025-08-18T12:51:07.524Z",
            "updated_at": "2025-08-18T12:51:07.524Z",
            "class_obj": 1,
            "section": null,
            "stream_type": "Literary",
            "name": "الفلسفة",
            "description": "سقراط",
            "is_active": true,
            "pdf_file": "subject/subject_files/subject_pdfs/مشروع_1_1fMf2WX.pdf",
            "icon": 1,
            "default_weekly_lessons": 5,
            "academic_year": 1,
            "academic_term": 2
        }
    },
    {
        "model": "subject.teachersubject",
        "pk": 1,
        "fields": {
            "created_at": "2025-07-02T01:43:28.239Z",
            "updated_at": "2025-07-02T01:43:28.239Z",
            "teacher": 25,
            "subject": 1,
            "weekly_hours": 8
        }
    },
    {
        "model": "subject.teachersubject",
        "pk": 2,
        "fields": {
            "created_at": "2025-07-02T01:43:28.245Z",
            "updated_at": "2025-07-02T01:43:28.245Z",
            "teacher": 25,
            "subject": 2,
            "weekly_hours": 6
        }
    },
    {
        "model": "subject.teachersubject",
        "pk": 3,
        "fields": {
            "created_at": "2025-07-24T21:30:53.236Z",
            "updated_at": "2025-07-24T21:30:53.236Z",
            "teacher": 31,
            "subject": 8,
            "weekly_hours": 6
        }
    },
    {
        "model": "subject.teachersubject",
        "pk": 4,
        "fields": {
            "created_at": "2025-07-24T21:44:44.991Z",
            "updated_at": "2025-07-24T21:44:44.991Z",
            "teacher": 34,
            "subject": 8,
            "weekly_hours": 6
        }
    },
    {
        "model": "subject.teachersubject",
        "pk": 8,
        "fields": {
            "created_at": "2025-07-24T21:58:17.930Z",
            "updated_at": "2025-07-24T21:58:17.930Z",
            "teacher": 38,
            "subject": 8,
            "weekly_hours": 6
        }
    },
    {
        "model": "subject.teachersubject",
        "pk": 9,
        "fields": {
            "created_at": "2025-07-25T09:01:27.861Z",
            "updated_at": "2025-07-25T09:01:27.861Z",
            "teacher": 39,
            "subject": 8,
            "weekly_hours": 6
        }
    },
    {
        "model": "subject.teachersubject",
        "pk": 10,
        "fields": {
            "created_at": "2025-07-25T09:01:27.866Z",
            "updated_at": "2025-07-25T09:01:27.866Z",
            "teacher": 39,
            "subject": 7,
            "weekly_hours": 6
        }
    },
    {
        "model": "subject.teachersubject",
        "pk": 11,
        "fields": {
            "created_at": "2025-07-26T10:32:32.604Z",
            "updated_at": "2025-07-26T10:32:32.604Z",
            "teacher": 40,
            "subject": 8,
            "weekly_hours": 6
        }
    },
    {
        "model": "subject.teachersubject",
        "pk": 12,
        "fields": {
            "created_at": "2025-07-26T10:32:32.607Z",
            "updated_at": "2025-07-26T10:32:32.607Z",
            "teacher": 40,
            "subject": 7,
            "weekly_hours": 6
        }
    },
    {
        "model": "subject.teachersubject",
        "pk": 13,
        "fields": {
            "created_at": "2025-08-21T14:26:18.021Z",
            "updated_at": "2025-08-21T14:26:18.021Z",
            "teacher": 51,
            "subject": 1,
            "weekly_hours": 4
        }
    },
    {
        "model": "subject.teachersubject",
        "pk": 14,
        "fields": {
            "created_at": "2025-08-21T14:26:18.023Z",
            "updated_at": "2025-08-21T14:26:18.023Z",
            "teacher": 51,
            "subject": 2,
            "weekly_hours": 5
        }
    },
    {
        "model": "subject.teachersubject",
        "pk": 15,
        "fields": {
            "created_at": "2025-08-21T14:26:18.024Z",
            "updated_at": "2025-08-21T14:26:18.024Z",
            "teacher": 51,
            "subject": 3,
            "weekly_hours": 6
        }
    },
    {
        "model": "subject.sectionsubjectrequirement",
        "pk": 1,
        "fields": {
            "section": 1,
            "subject": 1,
            "weekly_lessons_required": 5
        }
    },
    {
        "model": "subject.sectionsubjectrequirement",
        "pk": 3,
        "fields": {
            "section": 3,
            "subject": 1,
            "weekly_lessons_required": 5
        }
    },
    {
        "model": "subject.sectionsubjectrequirement",
        "pk": 10,
        "fields": {
            "section": 8,
            "subject": 5,
            "weekly_lessons_required": 5
        }
    },
    {
        "model": "subject.sectionsubjectrequirement",
        "pk": 11,
        "fields": {
            "section": 8,
            "subject": 6,
            "weekly_lessons_required": 5
        }
    },
    {
        "model": "subject.sectionsubjectrequirement",
        "pk": 12,
        "fields": {
            "section": 8,
            "subject": 7,
            "weekly_lessons_required": 5
        }
    },
    {
        "model": "subject.sectionsubjectrequirement",
        "pk": 13,
        "fields": {
            "section": 8,
            "subject": 8,
            "weekly_lessons_required": 5
        }
    },
    {
        "model": "subject.sectionsubjectrequirement",
        "pk": 14,
        "fields": {
            "section": 8,
            "subject": 9,
            "weekly_lessons_required": 5
        }
    },
    {
        "model": "subject.sectionsubjectrequirement",
        "pk": 17,
        "fields": {
            "section": 1,
            "subject": 11,
            "weekly_lessons_required": 5
        }
    },
    {
        "model": "subject.sectionsubjectrequirement",
        "pk": 18,
        "fields": {
            "section": 3,
            "subject": 11,
            "weekly_lessons_required": 5
        }
    },
    {
        "model": "subject.sectionsubjectrequirement",
        "pk": 19,
        "fields": {
            "section": 8,
            "subject": 12,
            "weekly_lessons_required": 5
        }
    },
    {
        "model": "subject.sectionsubjectrequirement",
        "pk": 20,
        "fields": {
            "section": 8,
            "subject": 13,
            "weekly_lessons_required": 5
        }
    },
    {
        "model": "subject.sectionsubjectrequirement",
        "pk": 21,
        "fields": {
            "section": 7,
            "subject": 14,
            "weekly_lessons_required": 5
        }
    },
    {
        "model": "subject.sectionsubjectrequirement",
        "pk": 22,
        "fields": {
            "section": 8,
            "subject": 14,
            "weekly_lessons_required": 5
        }
    },
    {
        "model": "subject.sectionsubjectrequirement",
        "pk": 23,
        "fields": {
            "section": 9,
            "subject": 14,
            "weekly_lessons_required": 5
        }
    },
    {
        "model": "subject.sectionsubjectrequirement",
        "pk": 24,
        "fields": {
            "section": 7,
            "subject": 15,
            "weekly_lessons_required": 5
        }
    },
    {
        "model": "subject.sectionsubjectrequirement",
        "pk": 25,
        "fields": {
            "section": 8,
            "subject": 15,
            "weekly_lessons_required": 5
        }
    },
    {
        "model": "subject.sectionsubjectrequirement",
        "pk": 26,
        "fields": {
            "section": 9,
            "subject": 15,
            "weekly_lessons_required": 5
        }
    },
    {
        "model": "subject.sectionsubjectrequirement",
        "pk": 27,
        "fields": {
            "section": 1,
            "subject": 16,
            "weekly_lessons_required": 5
        }
    },
    {
        "model": "subject.sectionsubjectrequirement",
        "pk": 28,
        "fields": {
            "section": 3,
            "subject": 16,
            "weekly_lessons_required": 5
        }
    },
    {
        "model": "subject.sectionsubjectrequirement",
        "pk": 29,
        "fields": {
            "section": 1,
            "subject": 17,
            "weekly_lessons_required": 5
        }
    },
    {
        "model": "subject.sectionsubjectrequirement",
        "pk": 30,
        "fields": {
            "section": 3,
            "subject": 17,
            "weekly_lessons_required": 5
        }
    },
    {
        "model": "subject.sectionsubjectrequirement",
        "pk": 31,
        "fields": {
            "section": 3,
            "subject": 18,
            "weekly_lessons_required": 5
        }
    },
    {
        "model": "teachers.teacher",
        "pk": 8,
        "fields": {
            "created_at": "2025-06-24T16:53:50.817Z",
            "updated_at": "2025-06-24T16:53:50.817Z",
            "address": null,
            "specialization": "الرياضيات"
        }
    },
    {
        "model": "teachers.teacher",
        "pk": 9,
        "fields": {
            "created_at": "2025-06-24T16:58:04.195Z",
            "updated_at": "2025-06-24T16:58:04.195Z",
            "address": null,
            "specialization": "الرياضيات"
        }
    },
    {
        "model": "teachers.teacher",
        "pk": 10,
        "fields": {
            "created_at": "2025-06-24T17:01:28.193Z",
            "updated_at": "2025-06-24T17:01:28.193Z",
            "address": null,
            "specialization": "الرياضيات"
        }
    },
    {
        "model": "teachers.teacher",
        "pk": 11,
        "fields": {
            "created_at": "2025-06-24T17:27:51.736Z",
            "updated_at": "2025-08-23T14:21:24.382Z",
            "address": "Syria_damascus",
            "specialization": "الرياضيات"
        }
    },
    {
        "model": "teachers.teacher",
        "pk": 18,
        "fields": {
            "created_at": "2025-06-25T21:39:33.886Z",
            "updated_at": "2025-06-25T21:39:33.886Z",
            "address": null,
            "specialization": "الرياضيات"
        }
    },
    {
        "model": "teachers.teacher",
        "pk": 19,
        "fields": {
            "created_at": "2025-06-25T22:20:25.396Z",
            "updated_at": "2025-06-25T22:21:56.114Z",
            "address": "nnn",
            "specialization": "الرياضيات"
        }
    },
    {
        "model": "teachers.teacher",
        "pk": 20,
        "fields": {
            "created_at": "2025-06-26T14:27:08.788Z",
            "updated_at": "2025-06-26T14:27:08.788Z",
            "address": null,
            "specialization": "الرياضيات"
        }
    },
    {
        "model": "teachers.teacher",
        "pk": 22,
        "fields": {
            "created_at": "2025-06-28T11:41:06.075Z",
            "updated_at": "2025-06-28T11:41:06.075Z",
            "address": null,
            "specialization": "الرياضيات"
        }
    },
    {
        "model": "teachers.teacher",
        "pk": 23,
        "fields": {
            "created_at": "2025-06-28T14:07:11.906Z",
            "updated_at": "2025-06-28T14:07:11.906Z",
            "address": null,
            "specialization": "الرياضيات"
        }
    },
    {
        "model": "teachers.teacher",
        "pk": 25,
        "fields": {
            "created_at": "2025-07-02T01:43:28.238Z",
            "updated_at": "2025-07-02T01:43:28.238Z",
            "address": null,
            "specialization": "علوم الحاسوب"
        }
    },
    {
        "model": "teachers.teacher",
        "pk": 31,
        "fields": {
            "created_at": "2025-07-24T21:30:53.235Z",
            "updated_at": "2025-08-15T15:54:59.255Z",
            "address": "شارع النيل، مبنى 5، الطابق الثالث، دمشق، سوريا",
            "specialization": "علوم البرمجة"
        }
    },
    {
        "model": "teachers.teacher",
        "pk": 34,
        "fields": {
            "created_at": "2025-07-24T21:44:44.990Z",
            "updated_at": "2025-07-24T21:44:44.990Z",
            "address": null,
            "specialization": "علوم البرمجة"
        }
    },
    {
        "model": "teachers.teacher",
        "pk": 38,
        "fields": {
            "created_at": "2025-07-24T21:58:17.929Z",
            "updated_at": "2025-08-14T15:17:58.215Z",
            "address": "شارع النيل، مبنى 5، الطابق الثالث، دمشق، سوريا",
            "specialization": "علوم البرمجة"
        }
    },
    {
        "model": "teachers.teacher",
        "pk": 39,
        "fields": {
            "created_at": "2025-07-25T09:01:27.860Z",
            "updated_at": "2025-07-25T09:01:27.861Z",
            "address": null,
            "specialization": "علوم البرمجة"
        }
    },
    {
        "model": "teachers.teacher",
        "pk": 40,
        "fields": {
            "created_at": "2025-07-26T10:32:32.603Z",
            "updated_at": "2025-07-26T10:32:32.603Z",
            "address": null,
            "specialization": "علوم البرمجة"
        }
    },
    {
        "model": "teachers.teacher",
        "pk": 51,
        "fields": {
            "created_at": "2025-08-21T14:26:18.020Z",
            "updated_at": "2025-08-21T14:26:18.020Z",
            "address": null,
            "specialization": "علوم البرمجة"
        }
    },
    {
        "model": "teachers.teacheravailability",
        "pk": 1,
        "fields": {
            "created_at": "2025-07-24T22:23:45.606Z",
            "updated_at": "2025-07-24T22:23:45.606Z",
            "teacher": 38,
            "day_of_week": 1
        }
    },
    {
        "model": "teachers.teacheravailability",
        "pk": 2,
        "fields": {
            "created_at": "2025-07-24T22:23:45.609Z",
            "updated_at": "2025-07-24T22:23:45.609Z",
            "teacher": 38,
            "day_of_week": 3
        }
    },
    {
        "model": "teachers.teacheravailability",
        "pk": 3,
        "fields": {
            "created_at": "2025-07-24T22:23:45.612Z",
            "updated_at": "2025-07-24T22:23:45.612Z",
            "teacher": 38,
            "day_of_week": 5
        }
    },
    {
        "model": "teachers.teacheravailability",
        "pk": 10,
        "fields": {
            "created_at": "2025-08-15T15:54:59.267Z",
            "updated_at": "2025-08-15T15:54:59.267Z",
            "teacher": 31,
            "day_of_week": 1
        }
    },
    {
        "model": "teachers.teacheravailability",
        "pk": 11,
        "fields": {
            "created_at": "2025-08-15T15:54:59.269Z",
            "updated_at": "2025-08-15T15:54:59.269Z",
            "teacher": 31,
            "day_of_week": 3
        }
    },
    {
        "model": "teachers.teacheravailability",
        "pk": 12,
        "fields": {
            "created_at": "2025-08-15T15:54:59.272Z",
            "updated_at": "2025-08-15T15:54:59.272Z",
            "teacher": 31,
            "day_of_week": 6
        }
    },
    {
        "model": "teachers.teacheravailability",
        "pk": 13,
        "fields": {
            "created_at": "2025-08-23T14:21:24.393Z",
            "updated_at": "2025-08-23T14:21:24.393Z",
            "teacher": 11,
            "day_of_week": 2
        }
    },
    {
        "model": "teachers.teacheravailability",
        "pk": 14,
        "fields": {
            "created_at": "2025-08-23T14:21:24.396Z",
            "updated_at": "2025-08-23T14:21:24.396Z",
            "teacher": 11,
            "day_of_week": 3
        }
    },
    {
        "model": "teachers.teacheravailability",
        "pk": 15,
        "fields": {
            "created_at": "2025-08-23T14:21:24.399Z",
            "updated_at": "2025-08-23T14:21:24.399Z",
            "teacher": 11,
            "day_of_week": 4
        }
    },
    {
        "model": "students.student",
        "pk": 2,
        "fields": {
            "created_at": "2025-06-23T17:27:21.242Z",
            "updated_at": "2025-06-24T08:57:23.515Z",
            "section": 1,
            "enrollment_number": "2024-001",
            "father_name": "أحمد",
            "gender": "Male",
            "address": "دمشق",
            "parent_phone": "0999888777",
            "student_status": "New",
            "register_status": "Accepted",
            "student_class": 1,
            "date_of_birth": "2010-05-15",
            "image": ""
        }
    },
    {
        "model": "students.student",
        "pk": 4,
        "fields": {
            "created_at": "2025-06-24T07:57:15.546Z",
            "updated_at": "2025-06-24T08:45:02.886Z",
            "section": 1,
            "enrollment_number": "2024-002",
            "father_name": "أحمد",
            "gender": "Male",
            "address": "دمشق",
            "parent_phone": "0999888777",
            "student_status": "New",
            "register_status": "Accepted",
            "student_class": 1,
            "date_of_birth": "2010-05-15",
            "image": ""
        }
    },
    {
        "model": "students.student",
        "pk": 6,
        "fields": {
            "created_at": "2025-06-24T09:40:19.638Z",
            "updated_at": "2025-06-24T09:40:45.955Z",
            "section": 1,
            "enrollment_number": "2024-003",
            "father_name": "أحمد",
            "gender": "Male",
            "address": "دمشق",
            "parent_phone": "0999888777",
            "student_status": "New",
            "register_status": "Accepted",
            "student_class": 1,
            "date_of_birth": "2010-05-15",
            "image": ""
        }
    },
    {
        "model": "students.student",
        "pk": 7,
        "fields": {
            "created_at": "2025-06-24T11:12:39.461Z",
            "updated_at": "2025-06-24T11:13:33.423Z",
            "section": 1,
            "enrollment_number": "2024-004",
            "father_name": "أحمد",
            "gender": "Male",
            "address": "دمشق",
            "parent_phone": "0999888777",
            "student_status": "New",
            "register_status": "Accepted",
            "student_class": 1,
            "date_of_birth": "2010-05-15",
            "image": ""
        }
    },
    {
        "model": "students.student",
        "pk": 17,
        "fields": {
            "created_at": "2025-06-25T15:27:36.845Z",
            "updated_at": "2025-08-14T14:44:52.400Z",
            "section": 3,
            "enrollment_number": "2024-005",
            "father_name": "أحمد",
            "gender": "Male",
            "address": "سوريا",
            "parent_phone": "0999888777",
            "student_status": "New",
            "register_status": "Accepted",
            "student_class": 1,
            "date_of_birth": "2010-05-15",
            "image": "student_images/Screenshot_102_lv8F0WM.png"
        }
    },
    {
        "model": "students.student",
        "pk": 21,
        "fields": {
            "created_at": "2025-06-27T12:59:43.080Z",
            "updated_at": "2025-06-27T12:59:43.080Z",
            "section": 3,
            "enrollment_number": "2024-006",
            "father_name": "أحمد",
            "gender": "Male",
            "address": "دمشق",
            "parent_phone": "0999888777",
            "student_status": "New",
            "register_status": "Accepted",
            "student_class": 1,
            "date_of_birth": "2010-05-15",
            "image": ""
        }
    },
    {
        "model": "students.student",
        "pk": 26,
        "fields": {
            "created_at": "2025-07-10T11:56:41.864Z",
            "updated_at": "2025-07-10T11:57:41.087Z",
            "section": 1,
            "enrollment_number": "2024-007",
            "father_name": "أحمد",
            "gender": "Male",
            "address": "دمشق",
            "parent_phone": "0999888777",
            "student_status": "New",
            "register_status": "Accepted",
            "student_class": 1,
            "date_of_birth": "2010-05-15",
            "image": ""
        }
    },
    {
        "model": "students.student",
        "pk": 41,
        "fields": {
            "created_at": "2025-08-13T19:11:07.602Z",
            "updated_at": "2025-08-13T19:11:07.602Z",
            "section": 1,
            "enrollment_number": "2023-001",
            "father_name": "أحمد",
            "gender": "Male",
            "address": "شارع النصر، دمشق",
            "parent_phone": "0998765432",
            "student_status": "New",
            "register_status": "Accepted",
            "student_class": 1,
            "date_of_birth": "2010-05-15",
            "image": ""
        }
    },
    {
        "model": "students.student",
        "pk": 42,
        "fields": {
            "created_at": "2025-08-13T20:27:13.172Z",
            "updated_at": "2025-08-13T20:27:13.172Z",
            "section": 1,
            "enrollment_number": "2023-002",
            "father_name": "أحمد",
            "gender": "Male",
            "address": "شارع النصر، دمشق",
            "parent_phone": "0998765432",
            "student_status": "New",
            "register_status": "Accepted",
            "student_class": 1,
            "date_of_birth": "2010-05-15",
            "image": ""
        }
    },
    {
        "model": "students.student",
        "pk": 43,
        "fields": {
            "created_at": "2025-08-13T20:30:08.092Z",
            "updated_at": "2025-08-13T20:30:08.092Z",
            "section": 1,
            "enrollment_number": "2023-003",
            "father_name": "أحمد",
            "gender": "Male",
            "address": "شارع النصر، دمشق",
            "parent_phone": "0998765432",
            "student_status": "New",
            "register_status": "Accepted",
            "student_class": 1,
            "date_of_birth": "2010-05-15",
            "image": ""
        }
    },
    {
        "model": "students.student",
        "pk": 44,
        "fields": {
            "created_at": "2025-08-13T20:35:40.857Z",
            "updated_at": "2025-08-13T20:35:40.857Z",
            "section": 1,
            "enrollment_number": "2023-004",
            "father_name": "أحمد",
            "gender": "Male",
            "address": "شارع النصر، دمشق",
            "parent_phone": "0998765432",
            "student_status": "New",
            "register_status": "Accepted",
            "student_class": 1,
            "date_of_birth": "2010-05-15",
            "image": ""
        }
    },
    {
        "model": "students.student",
        "pk": 45,
        "fields": {
            "created_at": "2025-08-13T20:36:56.490Z",
            "updated_at": "2025-08-13T20:36:56.490Z",
            "section": 1,
            "enrollment_number": "2023-005",
            "father_name": "أحمد",
            "gender": "Male",
            "address": "شارع النصر، دمشق",
            "parent_phone": "0998765432",
            "student_status": "New",
            "register_status": "Accepted",
            "student_class": 1,
            "date_of_birth": "2010-05-15",
            "image": ""
        }
    },
    {
        "model": "admins.admin",
        "pk": 15,
        "fields": {
            "created_at": "2025-06-25T06:01:50.966Z",
            "updated_at": "2025-06-25T06:01:50.966Z",
            "department": "ادارة"
        }
    },
    {
        "model": "admins.admin",
        "pk": 16,
        "fields": {
            "created_at": "2025-06-25T14:40:55.132Z",
            "updated_at": "2025-06-25T14:40:55.132Z",
            "department": "ادارة"
        }
    },
    {
        "model": "grading.exam",
        "pk": 1,
        "fields": {
            "created_at": "2025-08-14T20:49:56.038Z",
            "updated_at": "2025-08-14T21:43:25.979Z",
            "subject": 1,
            "academic_year": 1,
            "academic_term": 1,
            "exam_type": "midterm",
            "exam_date": "2025-10-26",
            "total_marks": "50.00",
            "teacher": 31,
            "target_class": 1,
            "target_section": null,
            "is_conducted": true,
            "stream_type": null
        }
    },
    {
        "model": "grading.exam",
        "pk": 2,
        "fields": {
            "created_at": "2025-08-14T20:50:40.440Z",
            "updated_at": "2025-08-14T20:50:40.440Z",
            "subject": 1,
            "academic_year": 1,
            "academic_term": 1,
            "exam_type": "quiz",
            "exam_date": "2025-11-05",
            "total_marks": "20.00",
            "teacher": 31,
            "target_class": 1,
            "target_section": 1,
            "is_conducted": true,
            "stream_type": null
        }
    },
    {
        "model": "grading.exam",
        "pk": 3,
        "fields": {
            "created_at": "2025-08-14T20:53:43.998Z",
            "updated_at": "2025-08-14T20:53:43.998Z",
            "subject": 2,
            "academic_year": 1,
            "academic_term": 1,
            "exam_type": "final",
            "exam_date": "2025-12-15",
            "total_marks": "100.00",
            "teacher": 31,
            "target_class": 1,
            "target_section": null,
            "is_conducted": true,
            "stream_type": "Literary"
        }
    },
    {
        "model": "grading.exam",
        "pk": 4,
        "fields": {
            "created_at": "2025-08-16T17:15:45.460Z",
            "updated_at": "2025-08-16T17:15:45.460Z",
            "subject": 2,
            "academic_year": 1,
            "academic_term": 1,
            "exam_type": "final",
            "exam_date": "2025-12-15",
            "total_marks": "100.00",
            "teacher": 31,
            "target_class": 1,
            "target_section": null,
            "is_conducted": false,
            "stream_type": "Literary"
        }
    },
    {
        "model": "grading.exam",
        "pk": 5,
        "fields": {
            "created_at": "2025-08-19T01:00:31.055Z",
            "updated_at": "2025-08-19T01:00:31.055Z",
            "subject": 2,
            "academic_year": 1,
            "academic_term": 1,
            "exam_type": "final",
            "exam_date": "2025-12-15",
            "total_marks": "100.00",
            "teacher": 31,
            "target_class": 1,
            "target_section": 1,
            "is_conducted": true,
            "stream_type": null
        }
    },
    {
        "model": "grading.exam",
        "pk": 6,
        "fields": {
            "created_at": "2025-08-19T01:04:20.163Z",
            "updated_at": "2025-08-19T01:04:20.163Z",
            "subject": 2,
            "academic_year": 1,
            "academic_term": 1,
            "exam_type": "final",
            "exam_date": "2025-12-15",
            "total_marks": "100.00",
            "teacher": 31,
            "target_class": 1,
            "target_section": 1,
            "is_conducted": true,
            "stream_type": null
        }
    },
    {
        "model": "grading.grade",
        "pk": 3,
        "fields": {
            "created_at": "2025-08-17T07:25:49.144Z",
            "updated_at": "2025-08-17T14:17:33.538Z",
            "student": 4,
            "exam": 1,
            "score": "20.00",
            "graded_at": "2025-08-17T14:17:33.537Z"
        }
    },
    {
        "model": "grading.grade",
        "pk": 4,
        "fields": {
            "created_at": "2025-08-17T09:00:12.244Z",
            "updated_at": "2025-08-17T09:00:12.244Z",
            "student": 2,
            "exam": 2,
            "score": "15.00",
            "graded_at": "2025-08-17T09:00:12.242Z"
        }
    },
    {
        "model": "grading.grade",
        "pk": 5,
        "fields": {
            "created_at": "2025-08-17T09:00:12.248Z",
            "updated_at": "2025-08-17T09:00:12.248Z",
            "student": 4,
            "exam": 2,
            "score": "17.00",
            "graded_at": "2025-08-17T09:00:12.246Z"
        }
    },
    {
        "model": "grading.grade",
        "pk": 6,
        "fields": {
            "created_at": "2025-08-17T13:53:28.264Z",
            "updated_at": "2025-08-17T13:53:28.265Z",
            "student": 17,
            "exam": 1,
            "score": "45.50",
            "graded_at": "2025-08-17T13:53:28.264Z"
        }
    },
    {
        "model": "grading.grade",
        "pk": 7,
        "fields": {
            "created_at": "2025-08-19T01:06:12.905Z",
            "updated_at": "2025-08-19T01:06:12.905Z",
            "student": 4,
            "exam": 5,
            "score": "95.50",
            "graded_at": "2025-08-19T01:06:12.905Z"
        }
    },
    {
        "model": "grading.grade",
        "pk": 8,
        "fields": {
            "created_at": "2025-08-19T01:06:27.474Z",
            "updated_at": "2025-08-19T01:06:27.474Z",
            "student": 4,
            "exam": 6,
            "score": "93.50",
            "graded_at": "2025-08-19T01:06:27.473Z"
        }
    },
    {
        "model": "schedules.classschedule",
        "pk": 1,
        "fields": {
            "created_at": "2025-08-04T08:48:23.593Z",
            "updated_at": "2025-08-04T08:48:23.593Z",
            "subject": 8,
            "section": 3,
            "teacher": 31,
            "academic_year": 1,
            "academic_term": 2,
            "day_of_week": 2,
            "time_slot": 1
        }
    },
    {
        "model": "schedules.classschedule",
        "pk": 2,
        "fields": {
            "created_at": "2025-08-04T08:51:02.545Z",
            "updated_at": "2025-08-04T08:51:02.545Z",
            "subject": 8,
            "section": 3,
            "teacher": 31,
            "academic_year": 1,
            "academic_term": 2,
            "day_of_week": 2,
            "time_slot": 2
        }
    },
    {
        "model": "schedules.classschedule",
        "pk": 4,
        "fields": {
            "created_at": "2025-08-14T07:04:03.860Z",
            "updated_at": "2025-08-14T07:04:03.860Z",
            "subject": 1,
            "section": 1,
            "teacher": 25,
            "academic_year": 1,
            "academic_term": 2,
            "day_of_week": 2,
            "time_slot": 2
        }
    },
    {
        "model": "schedules.classschedule",
        "pk": 6,
        "fields": {
            "created_at": "2025-08-19T15:17:01.130Z",
            "updated_at": "2025-08-19T15:17:01.130Z",
            "subject": 1,
            "section": 1,
            "teacher": 25,
            "academic_year": 1,
            "academic_term": 1,
            "day_of_week": 3,
            "time_slot": 1
        }
    },
    {
        "model": "schedules.classschedule",
        "pk": 7,
        "fields": {
            "created_at": "2025-08-19T15:17:34.745Z",
            "updated_at": "2025-08-19T15:17:34.745Z",
            "subject": 1,
            "section": 1,
            "teacher": 25,
            "academic_year": 1,
            "academic_term": 1,
            "day_of_week": 3,
            "time_slot": 2
        }
    },
    {
        "model": "schedules.classschedule",
        "pk": 9,
        "fields": {
            "created_at": "2025-08-19T15:21:35.987Z",
            "updated_at": "2025-08-19T15:21:35.987Z",
            "subject": 8,
            "section": 1,
            "teacher": 31,
            "academic_year": 1,
            "academic_term": 1,
            "day_of_week": 4,
            "time_slot": 1
        }
    },
    {
        "model": "schedules.classschedule",
        "pk": 10,
        "fields": {
            "created_at": "2025-08-19T15:40:15.356Z",
            "updated_at": "2025-08-19T15:40:15.356Z",
            "subject": 8,
            "section": 1,
            "teacher": 31,
            "academic_year": 1,
            "academic_term": 1,
            "day_of_week": 5,
            "time_slot": 1
        }
    },
    {
        "model": "schedules.classschedule",
        "pk": 11,
        "fields": {
            "created_at": "2025-08-19T15:40:15.379Z",
            "updated_at": "2025-08-19T15:40:15.379Z",
            "subject": 1,
            "section": 1,
            "teacher": 25,
            "academic_year": 1,
            "academic_term": 1,
            "day_of_week": 1,
            "time_slot": 2
        }
    },
    {
        "model": "schedules.classschedule",
        "pk": 12,
        "fields": {
            "created_at": "2025-08-19T22:15:01.835Z",
            "updated_at": "2025-08-19T22:15:01.835Z",
            "subject": 1,
            "section": 1,
            "teacher": 25,
            "academic_year": 1,
            "academic_term": 2,
            "day_of_week": 7,
            "time_slot": 2
        }
    },
    {
        "model": "progression.studentprogression",
        "pk": 39,
        "fields": {
            "created_at": "2025-08-22T13:50:25.980Z",
            "updated_at": "2025-08-22T13:50:25.980Z",
            "student": 41,
            "academic_year": 4,
            "overall_average": null,
            "result_status": "failed",
            "is_promoted": false,
            "notes": "المعدل العام أقل من درجة النجاح المطلوبة.",
            "from_class": 1,
            "from_section": 1,
            "to_class": 1,
            "to_section": 1
        }
    },
    {
        "model": "progression.studentprogression",
        "pk": 40,
        "fields": {
            "created_at": "2025-08-22T13:50:25.984Z",
            "updated_at": "2025-08-22T13:50:25.984Z",
            "student": 42,
            "academic_year": 4,
            "overall_average": null,
            "result_status": "failed",
            "is_promoted": false,
            "notes": "المعدل العام أقل من درجة النجاح المطلوبة.",
            "from_class": 1,
            "from_section": 1,
            "to_class": 1,
            "to_section": 1
        }
    },
    {
        "model": "progression.studentprogression",
        "pk": 41,
        "fields": {
            "created_at": "2025-08-22T13:50:25.987Z",
            "updated_at": "2025-08-22T13:50:25.987Z",
            "student": 43,
            "academic_year": 4,
            "overall_average": null,
            "result_status": "failed",
            "is_promoted": false,
            "notes": "المعدل العام أقل من درجة النجاح المطلوبة.",
            "from_class": 1,
            "from_section": 1,
            "to_class": 1,
            "to_section": 1
        }
    },
    {
        "model": "progression.studentprogression",
        "pk": 42,
        "fields": {
            "created_at": "2025-08-22T13:50:25.992Z",
            "updated_at": "2025-08-22T13:50:25.992Z",
            "student": 44,
            "academic_year": 4,
            "overall_average": null,
            "result_status": "failed",
            "is_promoted": false,
            "notes": "المعدل العام أقل من درجة النجاح المطلوبة.",
            "from_class": 1,
            "from_section": 1,
            "to_class": 1,
            "to_section": 1
        }
    },
    {
        "model": "progression.studentprogression",
        "pk": 43,
        "fields": {
            "created_at": "2025-08-22T13:50:26.000Z",
            "updated_at": "2025-08-22T13:50:26.000Z",
            "student": 45,
            "academic_year": 4,
            "overall_average": null,
            "result_status": "failed",
            "is_promoted": false,
            "notes": "المعدل العام أقل من درجة النجاح المطلوبة.",
            "from_class": 1,
            "from_section": 1,
            "to_class": 1,
            "to_section": 1
        }
    },
    {
        "model": "progression.studentprogression",
        "pk": 44,
        "fields": {
            "created_at": "2025-08-22T13:50:26.022Z",
            "updated_at": "2025-08-22T13:50:26.022Z",
            "student": 6,
            "academic_year": 4,
            "overall_average": null,
            "result_status": "failed",
            "is_promoted": false,
            "notes": "المعدل العام أقل من درجة النجاح المطلوبة.",
            "from_class": 1,
            "from_section": 1,
            "to_class": 1,
            "to_section": 1
        }
    },
    {
        "model": "progression.studentprogression",
        "pk": 45,
        "fields": {
            "created_at": "2025-08-22T13:50:26.026Z",
            "updated_at": "2025-08-22T13:50:26.026Z",
            "student": 7,
            "academic_year": 4,
            "overall_average": null,
            "result_status": "failed",
            "is_promoted": false,
            "notes": "المعدل العام أقل من درجة النجاح المطلوبة.",
            "from_class": 1,
            "from_section": 1,
            "to_class": 1,
            "to_section": 1
        }
    },
    {
        "model": "progression.studentprogression",
        "pk": 46,
        "fields": {
            "created_at": "2025-08-22T13:50:26.036Z",
            "updated_at": "2025-08-22T19:48:06.386Z",
            "student": 21,
            "academic_year": 4,
            "overall_average": null,
            "result_status": "failed",
            "is_promoted": false,
            "notes": "المعدل العام أقل من درجة النجاح المطلوبة.",
            "from_class": 1,
            "from_section": 3,
            "to_class": 1,
            "to_section": 3
        }
    },
    {
        "model": "progression.studentprogression",
        "pk": 47,
        "fields": {
            "created_at": "2025-08-22T13:50:26.039Z",
            "updated_at": "2025-08-22T13:50:26.039Z",
            "student": 26,
            "academic_year": 4,
            "overall_average": null,
            "result_status": "failed",
            "is_promoted": false,
            "notes": "المعدل العام أقل من درجة النجاح المطلوبة.",
            "from_class": 1,
            "from_section": 1,
            "to_class": 1,
            "to_section": 1
        }
    },
    {
        "model": "progression.studentprogression",
        "pk": 48,
        "fields": {
            "created_at": "2025-08-22T13:50:26.046Z",
            "updated_at": "2025-08-22T13:50:26.046Z",
            "student": 2,
            "academic_year": 4,
            "overall_average": "75.00",
            "result_status": "failed",
            "is_promoted": false,
            "notes": null,
            "from_class": 1,
            "from_section": 1,
            "to_class": 1,
            "to_section": 1
        }
    },
    {
        "model": "progression.studentprogression",
        "pk": 49,
        "fields": {
            "created_at": "2025-08-22T13:50:26.054Z",
            "updated_at": "2025-08-22T19:48:06.364Z",
            "student": 4,
            "academic_year": 4,
            "overall_average": "73.68",
            "result_status": "failed",
            "is_promoted": false,
            "notes": null,
            "from_class": 1,
            "from_section": 1,
            "to_class": 1,
            "to_section": 1
        }
    },
    {
        "model": "progression.studentprogression",
        "pk": 50,
        "fields": {
            "created_at": "2025-08-22T13:50:26.063Z",
            "updated_at": "2025-08-22T19:48:06.381Z",
            "student": 17,
            "academic_year": 4,
            "overall_average": "91.00",
            "result_status": "failed",
            "is_promoted": false,
            "notes": null,
            "from_class": 1,
            "from_section": 3,
            "to_class": 1,
            "to_section": 3
        }
    },
    {
        "model": "progression.studentprogressionissue",
        "pk": 7,
        "fields": {
            "created_at": "2025-08-22T13:50:26.047Z",
            "updated_at": "2025-08-22T13:50:26.047Z",
            "student_progression": 48,
            "issue_type": "no_available_section",
            "description": "لا توجد شعبة متاحة في الصف التالي لاستيعاب الطالب.",
            "is_resolved": false,
            "resolved_at": null
        }
    },
    {
        "model": "progression.studentprogressionissue",
        "pk": 8,
        "fields": {
            "created_at": "2025-08-22T13:50:26.057Z",
            "updated_at": "2025-08-22T19:48:06.371Z",
            "student_progression": 49,
            "issue_type": "no_available_section",
            "description": "لا توجد شعبة متاحة في الصف التالي لاستيعاب الطالب.",
            "is_resolved": false,
            "resolved_at": null
        }
    },
    {
        "model": "progression.studentprogressionissue",
        "pk": 9,
        "fields": {
            "created_at": "2025-08-22T13:50:26.064Z",
            "updated_at": "2025-08-22T19:48:06.383Z",
            "student_progression": 50,
            "issue_type": "no_available_section",
            "description": "لا توجد شعبة متاحة في الصف التالي لاستيعاب الطالب.",
            "is_resolved": false,
            "resolved_at": null
        }
    },
    {
        "model": "communication.newsactivity",
        "pk": 1,
        "fields": {
            "created_at": "2025-07-24T11:59:23.284Z",
            "updated_at": "2025-07-24T11:59:23.284Z",
            "title": "إعلان هام للجميع: بداية الإجازة الصيفية",
            "description": "تعلن إدارة المدرسة عن بدء الإجازة الصيفية اعتباراً من تاريخ 2025-07-10. كل عام وأنتم بخير.",
            "created_by": 12,
            "type": "announcement",
            "target_audience": "all",
            "target_class": null,
            "target_section": null,
            "target_subject": null,
            "activity_date": null,
            "academic_year": null,
            "academic_term": null
        }
    },
    {
        "model": "communication.newsactivity",
        "pk": 2,
        "fields": {
            "created_at": "2025-07-26T09:13:30.071Z",
            "updated_at": "2025-07-26T10:03:35.069Z",
            "title": "إعلان هام للجميع: بداية الإجازة الصيفية",
            "description": "تعلن إدارة المدرسة عن بدء الإجازة الصيفية اعتباراً من تاريخ 2025-07-10. كل عام وأنتم بخير.",
            "created_by": 12,
            "type": "announcement",
            "target_audience": "all",
            "target_class": null,
            "target_section": null,
            "target_subject": null,
            "activity_date": null,
            "academic_year": null,
            "academic_term": null
        }
    },
    {
        "model": "communication.newsactivity",
        "pk": 3,
        "fields": {
            "created_at": "2025-07-26T09:58:29.650Z",
            "updated_at": "2025-07-26T09:58:29.650Z",
            "title": "إعلان هام للجميع: بداية الإجازة الصيفية",
            "description": "تعلن إدارة المدرسة عن بدء الإجازة الصيفية اعتباراً من تاريخ 2025-07-10. كل عام وأنتم بخير.",
            "created_by": 12,
            "type": "activity",
            "target_audience": "all",
            "target_class": null,
            "target_section": null,
            "target_subject": null,
            "activity_date": null,
            "academic_year": null,
            "academic_term": null
        }
    },
    {
        "model": "communication.newsactivity",
        "pk": 4,
        "fields": {
            "created_at": "2025-07-27T10:21:58.386Z",
            "updated_at": "2025-07-27T10:21:58.386Z",
            "title": "إعلان هام للجميع: بداية الإجازة الصيفية",
            "description": "تعلن إدارة المدرسة عن بدء الإجازة الصيفية اعتباراً من تاريخ 2025-07-10. كل عام وأنتم بخير.",
            "created_by": 12,
            "type": "activity",
            "target_audience": "all",
            "target_class": null,
            "target_section": null,
            "target_subject": null,
            "activity_date": null,
            "academic_year": 1,
            "academic_term": 2
        }
    },
    {
        "model": "attendance.attendance",
        "pk": 1,
        "fields": {
            "created_at": "2025-08-16T10:55:50.541Z",
            "updated_at": "2025-08-16T18:42:35.467Z",
            "student": 2,
            "date": "2025-08-16",
            "status": "absent",
            "recorded_by": 12,
            "academic_year": 1,
            "academic_term": 2
        }
    },
    {
        "model": "attendance.attendance",
        "pk": 3,
        "fields": {
            "created_at": "2025-08-16T10:57:33.960Z",
            "updated_at": "2025-08-16T10:57:33.960Z",
            "student": 2,
            "date": "2025-08-17",
            "status": "present",
            "recorded_by": 12,
            "academic_year": 1,
            "academic_term": 2
        }
    },
    {
        "model": "attendance.attendance",
        "pk": 4,
        "fields": {
            "created_at": "2025-08-16T10:57:33.973Z",
            "updated_at": "2025-08-16T10:57:33.973Z",
            "student": 4,
            "date": "2025-08-17",
            "status": "present",
            "recorded_by": 12,
            "academic_year": 1,
            "academic_term": 2
        }
    },
    {
        "model": "attendance.attendance",
        "pk": 5,
        "fields": {
            "created_at": "2025-08-16T10:57:45.306Z",
            "updated_at": "2025-08-16T10:57:45.306Z",
            "student": 2,
            "date": "2025-08-18",
            "status": "present",
            "recorded_by": 12,
            "academic_year": 1,
            "academic_term": 2
        }
    },
    {
        "model": "attendance.attendance",
        "pk": 6,
        "fields": {
            "created_at": "2025-08-16T10:57:45.315Z",
            "updated_at": "2025-08-16T10:57:45.315Z",
            "student": 4,
            "date": "2025-08-18",
            "status": "present",
            "recorded_by": 12,
            "academic_year": 1,
            "academic_term": 2
        }
    },
    {
        "model": "attendance.attendance",
        "pk": 7,
        "fields": {
            "created_at": "2025-08-16T10:57:51.121Z",
            "updated_at": "2025-08-16T10:57:51.121Z",
            "student": 2,
            "date": "2025-08-19",
            "status": "present",
            "recorded_by": 12,
            "academic_year": 1,
            "academic_term": 2
        }
    },
    {
        "model": "attendance.attendance",
        "pk": 8,
        "fields": {
            "created_at": "2025-08-16T10:57:51.131Z",
            "updated_at": "2025-08-16T10:57:51.131Z",
            "student": 4,
            "date": "2025-08-19",
            "status": "present",
            "recorded_by": 12,
            "academic_year": 1,
            "academic_term": 2
        }
    },
    {
        "model": "attendance.attendance",
        "pk": 9,
        "fields": {
            "created_at": "2025-08-16T10:58:15.694Z",
            "updated_at": "2025-08-16T10:58:15.694Z",
            "student": 2,
            "date": "2025-08-20",
            "status": "present",
            "recorded_by": 12,
            "academic_year": 1,
            "academic_term": 2
        }
    },
    {
        "model": "attendance.attendance",
        "pk": 10,
        "fields": {
            "created_at": "2025-08-16T10:58:15.698Z",
            "updated_at": "2025-08-16T10:58:15.698Z",
            "student": 4,
            "date": "2025-08-20",
            "status": "absent",
            "recorded_by": 12,
            "academic_year": 1,
            "academic_term": 2
        }
    },
    {
        "model": "attendance.attendance",
        "pk": 12,
        "fields": {
            "created_at": "2025-08-23T13:35:08.326Z",
            "updated_at": "2025-08-23T13:35:55.006Z",
            "student": 17,
            "date": "2025-08-16",
            "status": "present",
            "recorded_by": 12,
            "academic_year": 1,
            "academic_term": 2
        }
    },
    {
        "model": "attendance.attendance",
        "pk": 13,
        "fields": {
            "created_at": "2025-08-23T13:36:03.529Z",
            "updated_at": "2025-08-23T13:36:18.033Z",
            "student": 17,
            "date": "2025-08-17",
            "status": "present",
            "recorded_by": 12,
            "academic_year": 1,
            "academic_term": 2
        }
    },
    {
        "model": "attendance.attendance",
        "pk": 14,
        "fields": {
            "created_at": "2025-08-23T13:36:41.878Z",
            "updated_at": "2025-08-23T13:36:41.878Z",
            "student": 17,
            "date": "2025-08-19",
            "status": "present",
            "recorded_by": 12,
            "academic_year": 1,
            "academic_term": 2
        }
    },
    {
        "model": "attendance.attendance",
        "pk": 15,
        "fields": {
            "created_at": "2025-08-23T13:43:40.699Z",
            "updated_at": "2025-08-23T13:44:41.572Z",
            "student": 17,
            "date": "2025-08-20",
            "status": "present",
            "recorded_by": 12,
            "academic_year": 1,
            "academic_term": 2
        }
    },
    {
        "model": "contents.subjectcontent",
        "pk": 1,
        "fields": {
            "created_at": "2025-07-02T03:36:42.140Z",
            "updated_at": "2025-07-26T07:21:39.717Z",
            "subject": 2,
            "section": 1,
            "teacher": 18,
            "title": "علوم النباتات",
            "academic_year": 1,
            "academic_term": 2
        }
    },
    {
        "model": "contents.subjectcontent",
        "pk": 2,
        "fields": {
            "created_at": "2025-07-02T05:07:01.741Z",
            "updated_at": "2025-07-02T05:07:01.741Z",
            "subject": 1,
            "section": 1,
            "teacher": 8,
            "title": "علوم النباتات",
            "academic_year": 1,
            "academic_term": 2
        }
    },
    {
        "model": "contents.subjectcontent",
        "pk": 3,
        "fields": {
            "created_at": "2025-07-26T10:38:33.342Z",
            "updated_at": "2025-07-26T10:38:33.342Z",
            "subject": 2,
            "section": 1,
            "teacher": 40,
            "title": "علوم النباتات",
            "academic_year": 1,
            "academic_term": 2
        }
    },
    {
        "model": "contents.subjectcontent",
        "pk": 4,
        "fields": {
            "created_at": "2025-07-26T11:16:07.337Z",
            "updated_at": "2025-07-26T11:18:32.338Z",
            "subject": 2,
            "section": 1,
            "teacher": 40,
            "title": "2222علوم النباتات",
            "academic_year": 1,
            "academic_term": 2
        }
    },
    {
        "model": "contents.subjectcontent",
        "pk": 5,
        "fields": {
            "created_at": "2025-07-27T10:20:36.338Z",
            "updated_at": "2025-07-27T10:20:36.338Z",
            "subject": 2,
            "section": 1,
            "teacher": 40,
            "title": "علوم النباتات",
            "academic_year": 1,
            "academic_term": 2
        }
    },
    {
        "model": "contents.subjectcontent",
        "pk": 6,
        "fields": {
            "created_at": "2025-08-05T10:00:35.935Z",
            "updated_at": "2025-08-05T10:00:35.935Z",
            "subject": 2,
            "section": 1,
            "teacher": 31,
            "title": "علوم النباتات",
            "academic_year": 1,
            "academic_term": 2
        }
    },
    {
        "model": "contents.subjectcontent",
        "pk": 7,
        "fields": {
            "created_at": "2025-08-08T13:26:22.202Z",
            "updated_at": "2025-08-08T13:26:22.202Z",
            "subject": 2,
            "section": 3,
            "teacher": 31,
            "title": "علوم النباتات",
            "academic_year": 3,
            "academic_term": 3
        }
    },
    {
        "model": "contents.subjectcontent",
        "pk": 8,
        "fields": {
            "created_at": "2025-08-08T13:34:24.362Z",
            "updated_at": "2025-08-08T13:34:24.362Z",
            "subject": 2,
            "section": 3,
            "teacher": 31,
            "title": "علوم الارض",
            "academic_year": 3,
            "academic_term": 3
        }
    },
    {
        "model": "contents.subjectcontent",
        "pk": 9,
        "fields": {
            "created_at": "2025-08-16T13:14:31.223Z",
            "updated_at": "2025-08-16T13:14:31.223Z",
            "subject": 1,
            "section": 3,
            "teacher": 25,
            "title": "النحو",
            "academic_year": 1,
            "academic_term": 2
        }
    },
    {
        "model": "contents.subjectcontent",
        "pk": 10,
        "fields": {
            "created_at": "2025-08-20T13:34:29.556Z",
            "updated_at": "2025-08-20T13:34:29.556Z",
            "subject": 1,
            "section": 1,
            "teacher": 31,
            "title": "النحو",
            "academic_year": 1,
            "academic_term": 2
        }
    },
    {
        "model": "contents.subjectcontent",
        "pk": 11,
        "fields": {
            "created_at": "2025-08-20T13:35:28.845Z",
            "updated_at": "2025-08-20T13:35:28.845Z",
            "subject": 1,
            "section": 1,
            "teacher": 31,
            "title": "math",
            "academic_year": 1,
            "academic_term": 2
        }
    },
    {
        "model": "contents.contentattachment",
        "pk": 1,
        "fields": {
            "created_at": "2025-07-02T03:49:49.234Z",
            "updated_at": "2025-07-02T03:49:49.234Z",
            "content": 1,
            "attachment_type": "text",
            "text_content": "هذا هو النص التوضيحي للدرس الأول في الجبر الخطي. يتناول المبادئ الأساسية للمتجهات والمصفوفات.",
            "link_url": null,
            "file": "",
            "description": "نص شرح الدرس"
        }
    },
    {
        "model": "contents.contentattachment",
        "pk": 2,
        "fields": {
            "created_at": "2025-07-02T04:04:21.632Z",
            "updated_at": "2025-07-02T04:04:21.632Z",
            "content": 1,
            "attachment_type": "image",
            "text_content": null,
            "link_url": null,
            "file": "contents/subject_content_attachments/WhatsApp_Image_2025-05-31_at_00.52.41_6caa5f80.jpg",
            "description": "pic"
        }
    },
    {
        "model": "contents.contentattachment",
        "pk": 3,
        "fields": {
            "created_at": "2025-07-02T06:44:15.337Z",
            "updated_at": "2025-07-02T06:44:15.337Z",
            "content": 1,
            "attachment_type": "image",
            "text_content": null,
            "link_url": null,
            "file": "contents/subject_content_attachments/WhatsApp_Image_2025-05-31_at_00_5kTfcf4.52.41_6caa5f80.jpg",
            "description": null
        }
    },
    {
        "model": "contents.contentattachment",
        "pk": 4,
        "fields": {
            "created_at": "2025-07-02T06:44:15.639Z",
            "updated_at": "2025-07-02T06:44:15.639Z",
            "content": 1,
            "attachment_type": "file",
            "text_content": null,
            "link_url": null,
            "file": "contents/subject_content_attachments/اكتب_لي_تقرير_عن_المقارنة_بشكل_اوضح.pdf",
            "description": null
        }
    },
    {
        "model": "contents.contentattachment",
        "pk": 5,
        "fields": {
            "created_at": "2025-08-05T10:07:20.509Z",
            "updated_at": "2025-08-05T10:07:20.509Z",
            "content": 6,
            "attachment_type": "file",
            "text_content": null,
            "link_url": null,
            "file": "contents/subject_content_attachments/addition.sql",
            "description": null
        }
    },
    {
        "model": "contents.contentattachment",
        "pk": 6,
        "fields": {
            "created_at": "2025-08-05T10:07:20.538Z",
            "updated_at": "2025-08-05T10:07:20.538Z",
            "content": 6,
            "attachment_type": "file",
            "text_content": null,
            "link_url": null,
            "file": "contents/subject_content_attachments/Untitled.pdf",
            "description": null
        }
    },
    {
        "model": "contents.contentattachment",
        "pk": 7,
        "fields": {
            "created_at": "2025-08-20T11:47:18.413Z",
            "updated_at": "2025-08-20T11:47:18.413Z",
            "content": 6,
            "attachment_type": "file",
            "text_content": null,
            "link_url": null,
            "file": "contents/subject_content_attachments/addition_orhatuP.sql",
            "description": null
        }
    },
    {
        "model": "contents.contentattachment",
        "pk": 8,
        "fields": {
            "created_at": "2025-08-20T11:47:45.724Z",
            "updated_at": "2025-08-20T11:47:45.724Z",
            "content": 6,
            "attachment_type": "file",
            "text_content": null,
            "link_url": null,
            "file": "contents/subject_content_attachments/addition_nQg71IR.sql",
            "description": null
        }
    },
    {
        "model": "contents.contentattachment",
        "pk": 9,
        "fields": {
            "created_at": "2025-08-20T11:47:45.731Z",
            "updated_at": "2025-08-20T11:47:45.731Z",
            "content": 6,
            "attachment_type": "file",
            "text_content": null,
            "link_url": null,
            "file": "contents/subject_content_attachments/Untitled.pdf",
            "description": null
        }
    },
    {
        "model": "contents.contentattachment",
        "pk": 10,
        "fields": {
            "created_at": "2025-08-20T11:49:25.947Z",
            "updated_at": "2025-08-20T11:49:25.947Z",
            "content": 6,
            "attachment_type": "image",
            "text_content": null,
            "link_url": null,
            "file": "contents/subject_content_attachments/header_-_cat_-_minimalist.jpg",
            "description": null
        }
    },
    {
        "model": "contents.contentattachment",
        "pk": 11,
        "fields": {
            "created_at": "2025-08-20T11:50:40.339Z",
            "updated_at": "2025-08-20T11:50:40.340Z",
            "content": 6,
            "attachment_type": "image",
            "text_content": null,
            "link_url": null,
            "file": "contents/subject_content_attachments/header_-_cat_-_minimalist_mZbsPS4.jpg",
            "description": null
        }
    },
    {
        "model": "contents.contentattachment",
        "pk": 12,
        "fields": {
            "created_at": "2025-08-20T11:55:22.625Z",
            "updated_at": "2025-08-20T11:55:22.625Z",
            "content": 6,
            "attachment_type": "file",
            "text_content": null,
            "link_url": null,
            "file": "contents/subject_content_attachments/Untitled_lIWEkxL.pdf",
            "description": null
        }
    },
    {
        "model": "contents.contentattachment",
        "pk": 13,
        "fields": {
            "created_at": "2025-08-20T11:55:40.293Z",
            "updated_at": "2025-08-20T11:55:40.294Z",
            "content": 6,
            "attachment_type": "file",
            "text_content": null,
            "link_url": null,
            "file": "contents/subject_content_attachments/Untitled_6R3RSNi.pdf",
            "description": null
        }
    },
    {
        "model": "contents.contentattachment",
        "pk": 14,
        "fields": {
            "created_at": "2025-08-20T11:57:24.785Z",
            "updated_at": "2025-08-20T11:57:24.785Z",
            "content": 6,
            "attachment_type": "file",
            "text_content": null,
            "link_url": null,
            "file": "contents/subject_content_attachments/Untitled_BKIbyLd.pdf",
            "description": null
        }
    },
    {
        "model": "contents.contentattachment",
        "pk": 15,
        "fields": {
            "created_at": "2025-08-20T12:01:03.202Z",
            "updated_at": "2025-08-20T12:01:03.202Z",
            "content": 6,
            "attachment_type": "file",
            "text_content": null,
            "link_url": null,
            "file": "contents/subject_content_attachments/Untitled_7yN4PrT.pdf",
            "description": null
        }
    },
    {
        "model": "contents.contentattachment",
        "pk": 16,
        "fields": {
            "created_at": "2025-08-20T13:36:23.032Z",
            "updated_at": "2025-08-20T13:36:23.032Z",
            "content": 6,
            "attachment_type": "file",
            "text_content": null,
            "link_url": null,
            "file": "contents/subject_content_attachments/addition_9elXUcS.sql",
            "description": null
        }
    },
    {
        "model": "contents.contentattachment",
        "pk": 17,
        "fields": {
            "created_at": "2025-08-20T13:36:23.045Z",
            "updated_at": "2025-08-20T13:36:23.045Z",
            "content": 6,
            "attachment_type": "file",
            "text_content": null,
            "link_url": null,
            "file": "contents/subject_content_attachments/Untitled_kTHBjyo.pdf",
            "description": null
        }
    },
    {
        "model": "contents.contentattachment",
        "pk": 18,
        "fields": {
            "created_at": "2025-08-20T13:36:23.052Z",
            "updated_at": "2025-08-20T13:36:23.052Z",
            "content": 6,
            "attachment_type": "image",
            "text_content": null,
            "link_url": null,
            "file": "contents/subject_content_attachments/header_-_cat_-_minimalist_tAsZHyr.jpg",
            "description": null
        }
    },
    {
        "model": "contents.contentattachment",
        "pk": 19,
        "fields": {
            "created_at": "2025-08-20T13:36:38.246Z",
            "updated_at": "2025-08-20T13:36:38.246Z",
            "content": 10,
            "attachment_type": "file",
            "text_content": null,
            "link_url": null,
            "file": "contents/subject_content_attachments/addition_yPN13gP.sql",
            "description": null
        }
    },
    {
        "model": "contents.contentattachment",
        "pk": 20,
        "fields": {
            "created_at": "2025-08-20T13:36:38.258Z",
            "updated_at": "2025-08-20T13:36:38.258Z",
            "content": 10,
            "attachment_type": "file",
            "text_content": null,
            "link_url": null,
            "file": "contents/subject_content_attachments/Untitled_AyhB8hi.pdf",
            "description": null
        }
    },
    {
        "model": "contents.contentattachment",
        "pk": 21,
        "fields": {
            "created_at": "2025-08-20T13:36:38.264Z",
            "updated_at": "2025-08-20T13:36:38.264Z",
            "content": 10,
            "attachment_type": "image",
            "text_content": null,
            "link_url": null,
            "file": "contents/subject_content_attachments/header_-_cat_-_minimalist_j5FQGMl.jpg",
            "description": null
        }
    },
    {
        "model": "contents.contentattachment",
        "pk": 22,
        "fields": {
            "created_at": "2025-08-20T13:36:42.415Z",
            "updated_at": "2025-08-20T13:36:42.415Z",
            "content": 11,
            "attachment_type": "file",
            "text_content": null,
            "link_url": null,
            "file": "contents/subject_content_attachments/addition_LYZllO0.sql",
            "description": null
        }
    },
    {
        "model": "contents.contentattachment",
        "pk": 23,
        "fields": {
            "created_at": "2025-08-20T13:36:42.467Z",
            "updated_at": "2025-08-20T13:36:42.467Z",
            "content": 11,
            "attachment_type": "file",
            "text_content": null,
            "link_url": null,
            "file": "contents/subject_content_attachments/Untitled_nwse3Ut.pdf",
            "description": null
        }
    },
    {
        "model": "contents.contentattachment",
        "pk": 24,
        "fields": {
            "created_at": "2025-08-20T13:36:42.478Z",
            "updated_at": "2025-08-20T13:36:42.478Z",
            "content": 11,
            "attachment_type": "image",
            "text_content": null,
            "link_url": null,
            "file": "contents/subject_content_attachments/header_-_cat_-_minimalist_go6nI2l.jpg",
            "description": null
        }
    },
    {
        "model": "enrollment.registrationsetting",
        "pk": 1,
        "fields": {
            "is_registration_open": false
        }
    },
    {
        "model": "token_blacklist.outstandingtoken",
        "pk": 1,
        "fields": {
            "user": 18,
            "jti": "a95fc84a9cfb41489ace7f7f096eb04f",
            "token": "eyJhbGciOiJIUzI1NiIsInR5cCI6IkpXVCJ9.eyJ0b2tlbl90eXBlIjoicmVmcmVzaCIsImV4cCI6MTc1MTYxODU2NiwiaWF0IjoxNzUxMDEzNzY2LCJqdGkiOiJhOTVmYzg0YTljZmI0MTQ4OWFjZTdmN2YwOTZlYjA0ZiIsInVzZXJfaWQiOjE4fQ.RpqSELWDIZPWdkHzQysvgHcBpsIo_4bcO7bf9G7-7tI",
            "created_at": "2025-06-27T08:42:46.657Z",
            "expires_at": "2025-07-04T08:42:46Z"
        }
    },
    {
        "model": "token_blacklist.outstandingtoken",
        "pk": 2,
        "fields": {
            "user": 18,
            "jti": "de59c4e0e7c14d1886d3325b32ead565",
            "token": "eyJhbGciOiJIUzI1NiIsInR5cCI6IkpXVCJ9.eyJ0b2tlbl90eXBlIjoicmVmcmVzaCIsImV4cCI6MTc1MTYxODgzOSwiaWF0IjoxNzUxMDE0MDM5LCJqdGkiOiJkZTU5YzRlMGU3YzE0ZDE4ODZkMzMyNWIzMmVhZDU2NSIsInVzZXJfaWQiOjE4fQ.WHJ8gW-Fr6_rOVJFP_fyE38oHQx577VDdvoUEYdpY9o",
            "created_at": "2025-06-27T08:47:19.119Z",
            "expires_at": "2025-07-04T08:47:19Z"
        }
    },
    {
        "model": "token_blacklist.outstandingtoken",
        "pk": 3,
        "fields": {
            "user": 12,
            "jti": "da4a738eb5a34540a4944dee2628cf5d",
            "token": "eyJhbGciOiJIUzI1NiIsInR5cCI6IkpXVCJ9.eyJ0b2tlbl90eXBlIjoicmVmcmVzaCIsImV4cCI6MTc1MTYzMzYyMSwiaWF0IjoxNzUxMDI4ODIxLCJqdGkiOiJkYTRhNzM4ZWI1YTM0NTQwYTQ5NDRkZWUyNjI4Y2Y1ZCIsInVzZXJfaWQiOjEyfQ.j9rWlECGBdHKUjR577xyKBio_lmJ7zI0khEzKA8Q8Lg",
            "created_at": "2025-06-27T12:53:41.354Z",
            "expires_at": "2025-07-04T12:53:41Z"
        }
    },
    {
        "model": "token_blacklist.outstandingtoken",
        "pk": 4,
        "fields": {
            "user": 16,
            "jti": "4c1605a52bf8493e871f3bcbe20a0516",
            "token": "eyJhbGciOiJIUzI1NiIsInR5cCI6IkpXVCJ9.eyJ0b2tlbl90eXBlIjoicmVmcmVzaCIsImV4cCI6MTc1MTYzNDQ0NCwiaWF0IjoxNzUxMDI5NjQ0LCJqdGkiOiI0YzE2MDVhNTJiZjg0OTNlODcxZjNiY2JlMjBhMDUxNiIsInVzZXJfaWQiOjE2fQ.p7nnZ0RZ8CMLqdtb3oA1jHbXzYfZmh4HLN20pM6W_fU",
            "created_at": "2025-06-27T13:07:24.896Z",
            "expires_at": "2025-07-04T13:07:24Z"
        }
    },
    {
        "model": "token_blacklist.outstandingtoken",
        "pk": 5,
        "fields": {
            "user": 12,
            "jti": "5472268de17e4867a5921967252e2156",
            "token": "eyJhbGciOiJIUzI1NiIsInR5cCI6IkpXVCJ9.eyJ0b2tlbl90eXBlIjoicmVmcmVzaCIsImV4cCI6MTc1MTY1MDQyMywiaWF0IjoxNzUxMDQ1NjIzLCJqdGkiOiI1NDcyMjY4ZGUxN2U0ODY3YTU5MjE5NjcyNTJlMjE1NiIsInVzZXJfaWQiOjEyfQ.TPQit-UyDUsr3WcArWASoIVZluO2-92q2pnDpUU9d5w",
            "created_at": "2025-06-27T17:33:43.781Z",
            "expires_at": "2025-07-04T17:33:43Z"
        }
    },
    {
        "model": "token_blacklist.outstandingtoken",
        "pk": 6,
        "fields": {
            "user": 12,
            "jti": "9cf42abebb1947c1a7978250d59a84e8",
            "token": "eyJhbGciOiJIUzI1NiIsInR5cCI6IkpXVCJ9.eyJ0b2tlbl90eXBlIjoicmVmcmVzaCIsImV4cCI6MTc1MTcxNTU5NCwiaWF0IjoxNzUxMTEwNzk0LCJqdGkiOiI5Y2Y0MmFiZWJiMTk0N2MxYTc5NzgyNTBkNTlhODRlOCIsInVzZXJfaWQiOjEyfQ.WiQ3z2_zIwSyai-nkBJwlfB48n2DrFLjha9G5QlhmLw",
            "created_at": "2025-06-28T11:39:54.204Z",
            "expires_at": "2025-07-05T11:39:54Z"
        }
    },
    {
        "model": "token_blacklist.outstandingtoken",
        "pk": 7,
        "fields": {
            "user": 12,
            "jti": "c03da6cb6f674e138d6db722e38efcf4",
            "token": "eyJhbGciOiJIUzI1NiIsInR5cCI6IkpXVCJ9.eyJ0b2tlbl90eXBlIjoicmVmcmVzaCIsImV4cCI6MTc1MTcxNTY0NSwiaWF0IjoxNzUxMTEwODQ1LCJqdGkiOiJjMDNkYTZjYjZmNjc0ZTEzOGQ2ZGI3MjJlMzhlZmNmNCIsInVzZXJfaWQiOjEyfQ.5pVyCGQfcSkusyePA2UFnXf5TznlIR0FzvhPHAW6-Ko",
            "created_at": "2025-06-28T11:40:45.812Z",
            "expires_at": "2025-07-05T11:40:45Z"
        }
    },
    {
        "model": "token_blacklist.outstandingtoken",
        "pk": 8,
        "fields": {
            "user": 23,
            "jti": "7904e6bf4a9b4db3a072fb7002376815",
            "token": "eyJhbGciOiJIUzI1NiIsInR5cCI6IkpXVCJ9.eyJ0b2tlbl90eXBlIjoicmVmcmVzaCIsImV4cCI6MTc1MTcyNDkyMywiaWF0IjoxNzUxMTIwMTIzLCJqdGkiOiI3OTA0ZTZiZjRhOWI0ZGIzYTA3MmZiNzAwMjM3NjgxNSIsInVzZXJfaWQiOjIzfQ.a38GlFYd3hlXpwJ6jNxyOz29-YMq4PERz2WKYzkPNBg",
            "created_at": "2025-06-28T14:15:23.297Z",
            "expires_at": "2025-07-05T14:15:23Z"
        }
    },
    {
        "model": "token_blacklist.outstandingtoken",
        "pk": 9,
        "fields": {
            "user": 23,
            "jti": "e688579314384ac39b52934a4d994293",
            "token": "eyJhbGciOiJIUzI1NiIsInR5cCI6IkpXVCJ9.eyJ0b2tlbl90eXBlIjoicmVmcmVzaCIsImV4cCI6MTc1MTcyNTAwNywiaWF0IjoxNzUxMTIwMjA3LCJqdGkiOiJlNjg4NTc5MzE0Mzg0YWMzOWI1MjkzNGE0ZDk5NDI5MyIsInVzZXJfaWQiOjIzfQ.BiPVDUer88KQZu69gfDV-CCqoOh3F7z3SAN82AZRQOo",
            "created_at": "2025-06-28T14:16:47.307Z",
            "expires_at": "2025-07-05T14:16:47Z"
        }
    },
    {
        "model": "token_blacklist.outstandingtoken",
        "pk": 10,
        "fields": {
            "user": 23,
            "jti": "2d25787e490e48e3b1cebfbe5fab87e8",
            "token": "eyJhbGciOiJIUzI1NiIsInR5cCI6IkpXVCJ9.eyJ0b2tlbl90eXBlIjoicmVmcmVzaCIsImV4cCI6MTc1MTcyNjQ0NCwiaWF0IjoxNzUxMTIxNjQ0LCJqdGkiOiIyZDI1Nzg3ZTQ5MGU0OGUzYjFjZWJmYmU1ZmFiODdlOCIsInVzZXJfaWQiOjIzfQ.qY2XhtkLNo3JELATOkt3cYBo2FCOzTBBPc4XoD3ztow",
            "created_at": "2025-06-28T14:40:44.927Z",
            "expires_at": "2025-07-05T14:40:44Z"
        }
    },
    {
        "model": "token_blacklist.outstandingtoken",
        "pk": 11,
        "fields": {
            "user": 12,
            "jti": "84245a677ddf48aa8ae4c1791c5ae31d",
            "token": "eyJhbGciOiJIUzI1NiIsInR5cCI6IkpXVCJ9.eyJ0b2tlbl90eXBlIjoicmVmcmVzaCIsImV4cCI6MTc1MTk0OTU0NiwiaWF0IjoxNzUxMzQ0NzQ2LCJqdGkiOiI4NDI0NWE2NzdkZGY0OGFhOGFlNGMxNzkxYzVhZTMxZCIsInVzZXJfaWQiOjEyfQ.zPpxMNihPTOTVv4AG2Jh6AgNmeJ2zdIBSTMPYP0XX0E",
            "created_at": "2025-07-01T04:39:06.925Z",
            "expires_at": "2025-07-08T04:39:06Z"
        }
    },
    {
        "model": "token_blacklist.outstandingtoken",
        "pk": 12,
        "fields": {
            "user": 12,
            "jti": "2843d898d39c4994a03b9ed905933ef9",
            "token": "eyJhbGciOiJIUzI1NiIsInR5cCI6IkpXVCJ9.eyJ0b2tlbl90eXBlIjoicmVmcmVzaCIsImV4cCI6MTc1MTk1MzkzOCwiaWF0IjoxNzUxMzQ5MTM4LCJqdGkiOiIyODQzZDg5OGQzOWM0OTk0YTAzYjllZDkwNTkzM2VmOSIsInVzZXJfaWQiOjEyfQ.ZVg8JbDbxQ-tTtkYqt-UTkF1XU-BHlQqSEACsm3bNJs",
            "created_at": "2025-07-01T05:52:18.189Z",
            "expires_at": "2025-07-08T05:52:18Z"
        }
    },
    {
        "model": "token_blacklist.outstandingtoken",
        "pk": 13,
        "fields": {
            "user": 12,
            "jti": "5e2693e9113a4dab8b9c1175fb79225d",
            "token": "eyJhbGciOiJIUzI1NiIsInR5cCI6IkpXVCJ9.eyJ0b2tlbl90eXBlIjoicmVmcmVzaCIsImV4cCI6MTc1MjAyNTMxOCwiaWF0IjoxNzUxNDIwNTE4LCJqdGkiOiI1ZTI2OTNlOTExM2E0ZGFiOGI5YzExNzVmYjc5MjI1ZCIsInVzZXJfaWQiOjEyfQ.NawuJfjBI2lm-dJqmiQ8PQqwsXc9uZ08HOZZoQ5bEMU",
            "created_at": "2025-07-02T01:41:58.211Z",
            "expires_at": "2025-07-09T01:41:58Z"
        }
    },
    {
        "model": "token_blacklist.outstandingtoken",
        "pk": 14,
        "fields": {
            "user": 12,
            "jti": "ca5e0e9223154c62bab1f9d1d94dae76",
            "token": "eyJhbGciOiJIUzI1NiIsInR5cCI6IkpXVCJ9.eyJ0b2tlbl90eXBlIjoicmVmcmVzaCIsImV4cCI6MTc1MjY4ODUwMSwiaWF0IjoxNzUyMDgzNzAxLCJqdGkiOiJjYTVlMGU5MjIzMTU0YzYyYmFiMWY5ZDFkOTRkYWU3NiIsInVzZXJfaWQiOjEyfQ.2NDj94_Q8vGDg96L4sPpKUtgulA31X5iEHXCrtQ3HbE",
            "created_at": "2025-07-09T17:55:01.366Z",
            "expires_at": "2025-07-16T17:55:01Z"
        }
    },
    {
        "model": "token_blacklist.outstandingtoken",
        "pk": 15,
        "fields": {
            "user": 16,
            "jti": "0040648d95584ed78fca39625607d0da",
            "token": "eyJhbGciOiJIUzI1NiIsInR5cCI6IkpXVCJ9.eyJ0b2tlbl90eXBlIjoicmVmcmVzaCIsImV4cCI6MTc1MjY4ODYxNiwiaWF0IjoxNzUyMDgzODE2LCJqdGkiOiIwMDQwNjQ4ZDk1NTg0ZWQ3OGZjYTM5NjI1NjA3ZDBkYSIsInVzZXJfaWQiOjE2fQ.DAMRWZ3zlltBlx3BDQSmqFBfwDkdpiwGdrndfjcANzY",
            "created_at": "2025-07-09T17:56:56.620Z",
            "expires_at": "2025-07-16T17:56:56Z"
        }
    },
    {
        "model": "token_blacklist.outstandingtoken",
        "pk": 16,
        "fields": {
            "user": 16,
            "jti": "f209602b0a0a4d178f009ed37c3aed1d",
            "token": "eyJhbGciOiJIUzI1NiIsInR5cCI6IkpXVCJ9.eyJ0b2tlbl90eXBlIjoicmVmcmVzaCIsImV4cCI6MTc1MjY4ODYzMiwiaWF0IjoxNzUyMDgzODMyLCJqdGkiOiJmMjA5NjAyYjBhMGE0ZDE3OGYwMDllZDM3YzNhZWQxZCIsInVzZXJfaWQiOjE2fQ.tP8a1KatYLTlJUZyarbAqxoYPIKiqHd5Nl0PRdFeUiA",
            "created_at": "2025-07-09T17:57:12.051Z",
            "expires_at": "2025-07-16T17:57:12Z"
        }
    },
    {
        "model": "token_blacklist.outstandingtoken",
        "pk": 17,
        "fields": {
            "user": 12,
            "jti": "44b6503ea55b469ab7554472cf2fc335",
            "token": "eyJhbGciOiJIUzI1NiIsInR5cCI6IkpXVCJ9.eyJ0b2tlbl90eXBlIjoicmVmcmVzaCIsImV4cCI6MTc1Mjc1MDY3NiwiaWF0IjoxNzUyMTQ1ODc2LCJqdGkiOiI0NGI2NTAzZWE1NWI0NjlhYjc1NTQ0NzJjZjJmYzMzNSIsInVzZXJfaWQiOjEyfQ.K_g6mKyTra7z3wQaJ_o6BdwOwSICG_q1RT0TUAYWlUU",
            "created_at": "2025-07-10T11:11:16.407Z",
            "expires_at": "2025-07-17T11:11:16Z"
        }
    },
    {
        "model": "token_blacklist.outstandingtoken",
        "pk": 18,
        "fields": {
            "user": 12,
            "jti": "e1ea96de2116490ca86579f812ec8410",
            "token": "eyJhbGciOiJIUzI1NiIsInR5cCI6IkpXVCJ9.eyJ0b2tlbl90eXBlIjoicmVmcmVzaCIsImV4cCI6MTc1Mjc1MzQ0MywiaWF0IjoxNzUyMTQ4NjQzLCJqdGkiOiJlMWVhOTZkZTIxMTY0OTBjYTg2NTc5ZjgxMmVjODQxMCIsInVzZXJfaWQiOjEyfQ.sxm0yV5hP5x52qC1Ht4Z0GTrDcJQY3A_LPiBzNfsLqY",
            "created_at": "2025-07-10T11:57:23.906Z",
            "expires_at": "2025-07-17T11:57:23Z"
        }
    },
    {
        "model": "token_blacklist.outstandingtoken",
        "pk": 19,
        "fields": {
            "user": 26,
            "jti": "559a6f3afe6840c191c5728bcbaa79bc",
            "token": "eyJhbGciOiJIUzI1NiIsInR5cCI6IkpXVCJ9.eyJ0b2tlbl90eXBlIjoicmVmcmVzaCIsImV4cCI6MTc1Mjc1MzQ5NSwiaWF0IjoxNzUyMTQ4Njk1LCJqdGkiOiI1NTlhNmYzYWZlNjg0MGMxOTFjNTcyOGJjYmFhNzliYyIsInVzZXJfaWQiOjI2fQ.ECVfmyzHddbPm2qId9ZMvYIa9mU10LlALMJk5PMgjfc",
            "created_at": "2025-07-10T11:58:15.308Z",
            "expires_at": "2025-07-17T11:58:15Z"
        }
    },
    {
        "model": "token_blacklist.outstandingtoken",
        "pk": 20,
        "fields": {
            "user": 16,
            "jti": "116deaa16ba14c2d94097e9ad83c19e6",
            "token": "eyJhbGciOiJIUzI1NiIsInR5cCI6IkpXVCJ9.eyJ0b2tlbl90eXBlIjoicmVmcmVzaCIsImV4cCI6MTc1MzkwNjc4MCwiaWF0IjoxNzUzMzAxOTgwLCJqdGkiOiIxMTZkZWFhMTZiYTE0YzJkOTQwOTdlOWFkODNjMTllNiIsInVzZXJfaWQiOjE2fQ.11owUASJaz1v60sBOeEjr9NdmKyUuLmQtfF08xmAJDU",
            "created_at": "2025-07-23T20:19:40.417Z",
            "expires_at": "2025-07-30T20:19:40Z"
        }
    },
    {
        "model": "token_blacklist.outstandingtoken",
        "pk": 21,
        "fields": {
            "user": 16,
            "jti": "d0f6e2256a3a42cf8e6e5dbc17f311f2",
            "token": "eyJhbGciOiJIUzI1NiIsInR5cCI6IkpXVCJ9.eyJ0b2tlbl90eXBlIjoicmVmcmVzaCIsImV4cCI6MTc1MzkwNjgxOSwiaWF0IjoxNzUzMzAyMDE5LCJqdGkiOiJkMGY2ZTIyNTZhM2E0MmNmOGU2ZTVkYmMxN2YzMTFmMiIsInVzZXJfaWQiOjE2fQ.owRfMmDwlypvyxh4K3_rClrxzbR15ahTx17T6y3_GE4",
            "created_at": "2025-07-23T20:20:19.591Z",
            "expires_at": "2025-07-30T20:20:19Z"
        }
    },
    {
        "model": "token_blacklist.outstandingtoken",
        "pk": 22,
        "fields": {
            "user": 26,
            "jti": "a16f4b35bde945f59e13476831d86654",
            "token": "eyJhbGciOiJIUzI1NiIsInR5cCI6IkpXVCJ9.eyJ0b2tlbl90eXBlIjoicmVmcmVzaCIsImV4cCI6MTc1MzkwNzA3MywiaWF0IjoxNzUzMzAyMjczLCJqdGkiOiJhMTZmNGIzNWJkZTk0NWY1OWUxMzQ3NjgzMWQ4NjY1NCIsInVzZXJfaWQiOjI2fQ.XN3enW1X_zGgm5zFqieQNZwaAmo0CJO7bv0jf9CiN9I",
            "created_at": "2025-07-23T20:24:33.211Z",
            "expires_at": "2025-07-30T20:24:33Z"
        }
    },
    {
        "model": "token_blacklist.outstandingtoken",
        "pk": 23,
        "fields": {
            "user": 4,
            "jti": "34d8aecca5c04f5895bc9e63a5106058",
            "token": "eyJhbGciOiJIUzI1NiIsInR5cCI6IkpXVCJ9.eyJ0b2tlbl90eXBlIjoicmVmcmVzaCIsImV4cCI6MTc1MzkwNzIxNiwiaWF0IjoxNzUzMzAyNDE2LCJqdGkiOiIzNGQ4YWVjY2E1YzA0ZjU4OTViYzllNjNhNTEwNjA1OCIsInVzZXJfaWQiOjR9.v2rBz0m1GyUr6rvyQg9aCiXr3HUM5dq20xYcdURQhhY",
            "created_at": "2025-07-23T20:26:56.354Z",
            "expires_at": "2025-07-30T20:26:56Z"
        }
    },
    {
        "model": "token_blacklist.outstandingtoken",
        "pk": 24,
        "fields": {
            "user": 4,
            "jti": "c415d4a68f954db6af65d868256ee447",
            "token": "eyJhbGciOiJIUzI1NiIsInR5cCI6IkpXVCJ9.eyJ0b2tlbl90eXBlIjoicmVmcmVzaCIsImV4cCI6MTc1MzkwNzIzNiwiaWF0IjoxNzUzMzAyNDM2LCJqdGkiOiJjNDE1ZDRhNjhmOTU0ZGI2YWY2NWQ4NjgyNTZlZTQ0NyIsInVzZXJfaWQiOjR9.01HY9ZyABqpzHUyvszvXUcM-uAysf7W8Z_LsVWJtS6Y",
            "created_at": "2025-07-23T20:27:16.740Z",
            "expires_at": "2025-07-30T20:27:16Z"
        }
    },
    {
        "model": "token_blacklist.outstandingtoken",
        "pk": 25,
        "fields": {
            "user": 4,
            "jti": "313fccba98d94418a7ec4fae292ebb99",
            "token": "eyJhbGciOiJIUzI1NiIsInR5cCI6IkpXVCJ9.eyJ0b2tlbl90eXBlIjoicmVmcmVzaCIsImV4cCI6MTc1Mzk0NTgzNSwiaWF0IjoxNzUzMzQxMDM1LCJqdGkiOiIzMTNmY2NiYTk4ZDk0NDE4YTdlYzRmYWUyOTJlYmI5OSIsInVzZXJfaWQiOjR9.3hAD9v8Kobne5goXcrtc8RiYx9K0E4osjmiLzraMSDs",
            "created_at": "2025-07-24T07:10:35.092Z",
            "expires_at": "2025-07-31T07:10:35Z"
        }
    },
    {
        "model": "token_blacklist.outstandingtoken",
        "pk": 26,
        "fields": {
            "user": 16,
            "jti": "f827a0812f3c4666bdd6388a0c65a349",
            "token": "eyJhbGciOiJIUzI1NiIsInR5cCI6IkpXVCJ9.eyJ0b2tlbl90eXBlIjoicmVmcmVzaCIsImV4cCI6MTc1Mzk0OTQwMSwiaWF0IjoxNzUzMzQ0NjAxLCJqdGkiOiJmODI3YTA4MTJmM2M0NjY2YmRkNjM4OGEwYzY1YTM0OSIsInVzZXJfaWQiOjE2fQ.pLudqXTiyyKOmjjtlNETZ2WvsfOCkgdaVRvAlyp_xVg",
            "created_at": "2025-07-24T08:10:01.859Z",
            "expires_at": "2025-07-31T08:10:01Z"
        }
    },
    {
        "model": "token_blacklist.outstandingtoken",
        "pk": 27,
        "fields": {
            "user": 16,
            "jti": "5a856b5cfd5a4457822f2c0781a97b13",
            "token": "eyJhbGciOiJIUzI1NiIsInR5cCI6IkpXVCJ9.eyJ0b2tlbl90eXBlIjoicmVmcmVzaCIsImV4cCI6MTc1Mzk1MDg5NSwiaWF0IjoxNzUzMzQ2MDk1LCJqdGkiOiI1YTg1NmI1Y2ZkNWE0NDU3ODIyZjJjMDc4MWE5N2IxMyIsInVzZXJfaWQiOjE2fQ.ZjS3ARQhHXQTEp1eXK3cwclMKt7YnvrugYlNM4W-fII",
            "created_at": "2025-07-24T08:34:55.498Z",
            "expires_at": "2025-07-31T08:34:55Z"
        }
    },
    {
        "model": "token_blacklist.outstandingtoken",
        "pk": 28,
        "fields": {
            "user": 16,
            "jti": "52bae1026b964deab1adfdde9154b79c",
            "token": "eyJhbGciOiJIUzI1NiIsInR5cCI6IkpXVCJ9.eyJ0b2tlbl90eXBlIjoicmVmcmVzaCIsImV4cCI6MTc1Mzk1MjEwNSwiaWF0IjoxNzUzMzQ3MzA1LCJqdGkiOiI1MmJhZTEwMjZiOTY0ZGVhYjFhZGZkZGU5MTU0Yjc5YyIsInVzZXJfaWQiOjE2fQ.6tSPv455qhoKhDLICz8LDijH2_Vhm-A2aPpClqyXiP8",
            "created_at": "2025-07-24T08:55:05.131Z",
            "expires_at": "2025-07-31T08:55:05Z"
        }
    },
    {
        "model": "token_blacklist.outstandingtoken",
        "pk": 29,
        "fields": {
            "user": 16,
            "jti": "90704afbbe0a47928e41d67525878935",
            "token": "eyJhbGciOiJIUzI1NiIsInR5cCI6IkpXVCJ9.eyJ0b2tlbl90eXBlIjoicmVmcmVzaCIsImV4cCI6MTc1Mzk1NzYyMiwiaWF0IjoxNzUzMzUyODIyLCJqdGkiOiI5MDcwNGFmYmJlMGE0NzkyOGU0MWQ2NzUyNTg3ODkzNSIsInVzZXJfaWQiOjE2fQ.xaPo_rtxjgzy4vvRQCHhLfEQj2tY9doA49rOrf4ebqc",
            "created_at": "2025-07-24T10:27:02.745Z",
            "expires_at": "2025-07-31T10:27:02Z"
        }
    },
    {
        "model": "token_blacklist.outstandingtoken",
        "pk": 30,
        "fields": {
            "user": 16,
            "jti": "a22ed2cd75f74812a3d801a3f923bed0",
            "token": "eyJhbGciOiJIUzI1NiIsInR5cCI6IkpXVCJ9.eyJ0b2tlbl90eXBlIjoicmVmcmVzaCIsImV4cCI6MTc1Mzk2MDgxNywiaWF0IjoxNzUzMzU2MDE3LCJqdGkiOiJhMjJlZDJjZDc1Zjc0ODEyYTNkODAxYTNmOTIzYmVkMCIsInVzZXJfaWQiOjE2fQ.XqP5Nt9cFBpclb_qHbtJoEw711IjB8yNqOamInrpk_M",
            "created_at": "2025-07-24T11:20:17.958Z",
            "expires_at": "2025-07-31T11:20:17Z"
        }
    },
    {
        "model": "token_blacklist.outstandingtoken",
        "pk": 31,
        "fields": {
            "user": 12,
            "jti": "3e065e5193734bfbbbaf2071b2f20471",
            "token": "eyJhbGciOiJIUzI1NiIsInR5cCI6IkpXVCJ9.eyJ0b2tlbl90eXBlIjoicmVmcmVzaCIsImV4cCI6MTc1Mzk2MzE0NSwiaWF0IjoxNzUzMzU4MzQ1LCJqdGkiOiIzZTA2NWU1MTkzNzM0YmZiYmJhZjIwNzFiMmYyMDQ3MSIsInVzZXJfaWQiOjEyfQ.Ss4aKvwHHnu53Vxq9tvtZG3U0sc4WTD-JN_o4TUZgT0",
            "created_at": "2025-07-24T11:59:05.840Z",
            "expires_at": "2025-07-31T11:59:05Z"
        }
    },
    {
        "model": "token_blacklist.outstandingtoken",
        "pk": 32,
        "fields": {
            "user": 12,
            "jti": "7aa3a6f7b7f24f9895a3b3789f2ac71b",
            "token": "eyJhbGciOiJIUzI1NiIsInR5cCI6IkpXVCJ9.eyJ0b2tlbl90eXBlIjoicmVmcmVzaCIsImV4cCI6MTc1Mzk2NDUzNywiaWF0IjoxNzUzMzU5NzM3LCJqdGkiOiI3YWEzYTZmN2I3ZjI0Zjk4OTVhM2IzNzg5ZjJhYzcxYiIsInVzZXJfaWQiOjEyfQ.9FnhhKokGxGJP23pFJEFbsF7irPi5ygNlIJzPZfX6wA",
            "created_at": "2025-07-24T12:22:17.875Z",
            "expires_at": "2025-07-31T12:22:17Z"
        }
    },
    {
        "model": "token_blacklist.outstandingtoken",
        "pk": 33,
        "fields": {
            "user": 12,
            "jti": "692f786cc36645d281ad41f1d2d91e1f",
            "token": "eyJhbGciOiJIUzI1NiIsInR5cCI6IkpXVCJ9.eyJ0b2tlbl90eXBlIjoicmVmcmVzaCIsImV4cCI6MTc1Mzk3NTkzNiwiaWF0IjoxNzUzMzcxMTM2LCJqdGkiOiI2OTJmNzg2Y2MzNjY0NWQyODFhZDQxZjFkMmQ5MWUxZiIsInVzZXJfaWQiOjEyfQ.v6tUMAJixp4ZOHGDtw-zibVcUsFB0nkBX6d3eDyZMDQ",
            "created_at": "2025-07-24T15:32:16.208Z",
            "expires_at": "2025-07-31T15:32:16Z"
        }
    },
    {
        "model": "token_blacklist.outstandingtoken",
        "pk": 34,
        "fields": {
            "user": 12,
            "jti": "bb51bc868c38405e909b3819b5298907",
            "token": "eyJhbGciOiJIUzI1NiIsInR5cCI6IkpXVCJ9.eyJ0b2tlbl90eXBlIjoicmVmcmVzaCIsImV4cCI6MTc1Mzk3ODQwNCwiaWF0IjoxNzUzMzczNjA0LCJqdGkiOiJiYjUxYmM4NjhjMzg0MDVlOTA5YjM4MTliNTI5ODkwNyIsInVzZXJfaWQiOjEyfQ.ion4U1I36eBBaDNMQHUFBFZljJjBYgRrcqfNQZYPMG4",
            "created_at": "2025-07-24T16:13:24.002Z",
            "expires_at": "2025-07-31T16:13:24Z"
        }
    },
    {
        "model": "token_blacklist.outstandingtoken",
        "pk": 35,
        "fields": {
            "user": 12,
            "jti": "22f3999796b7431ba654d269323508d3",
            "token": "eyJhbGciOiJIUzI1NiIsInR5cCI6IkpXVCJ9.eyJ0b2tlbl90eXBlIjoicmVmcmVzaCIsImV4cCI6MTc1Mzk5Njg3OSwiaWF0IjoxNzUzMzkyMDc5LCJqdGkiOiIyMmYzOTk5Nzk2Yjc0MzFiYTY1NGQyNjkzMjM1MDhkMyIsInVzZXJfaWQiOjEyfQ.fsVLX07nL6D3qVFnod-ezX6H8IxSX2l9mmwwUIYe05E",
            "created_at": "2025-07-24T21:21:19.145Z",
            "expires_at": "2025-07-31T21:21:19Z"
        }
    },
    {
        "model": "token_blacklist.outstandingtoken",
        "pk": 36,
        "fields": {
            "user": 38,
            "jti": "96c2f69efb1b4d128d4a5606d5dc6d8c",
            "token": "eyJhbGciOiJIUzI1NiIsInR5cCI6IkpXVCJ9.eyJ0b2tlbl90eXBlIjoicmVmcmVzaCIsImV4cCI6MTc1NDAwMDU5OSwiaWF0IjoxNzUzMzk1Nzk5LCJqdGkiOiI5NmMyZjY5ZWZiMWI0ZDEyOGQ0YTU2MDZkNWRjNmQ4YyIsInVzZXJfaWQiOjM4fQ.jKukomGhmlaLYTIJRwaganPmXM0JsL0bnL_7JcMyQQA",
            "created_at": "2025-07-24T22:23:19.120Z",
            "expires_at": "2025-07-31T22:23:19Z"
        }
    },
    {
        "model": "token_blacklist.outstandingtoken",
        "pk": 37,
        "fields": {
            "user": 12,
            "jti": "0d972344aed34c11b732c0d35961218b",
            "token": "eyJhbGciOiJIUzI1NiIsInR5cCI6IkpXVCJ9.eyJ0b2tlbl90eXBlIjoicmVmcmVzaCIsImV4cCI6MTc1NDAzODg1NiwiaWF0IjoxNzUzNDM0MDU2LCJqdGkiOiIwZDk3MjM0NGFlZDM0YzExYjczMmMwZDM1OTYxMjE4YiIsInVzZXJfaWQiOjEyfQ.sXFEX4AeG4dSopMmgHTBDMKEJQj8n_ugFxLVUSGBJMM",
            "created_at": "2025-07-25T09:00:56.376Z",
            "expires_at": "2025-08-01T09:00:56Z"
        }
    },
    {
        "model": "token_blacklist.outstandingtoken",
        "pk": 38,
        "fields": {
            "user": 12,
            "jti": "f5b033970d03423c9718a49f9e48f91b",
            "token": "eyJhbGciOiJIUzI1NiIsInR5cCI6IkpXVCJ9.eyJ0b2tlbl90eXBlIjoicmVmcmVzaCIsImV4cCI6MTc1NDEyNTk4OSwiaWF0IjoxNzUzNTIxMTg5LCJqdGkiOiJmNWIwMzM5NzBkMDM0MjNjOTcxOGE0OWY5ZTQ4ZjkxYiIsInVzZXJfaWQiOjEyfQ.wKtCq3DKzLf9zoVsuxcws1n5KheV7eBMgQkSNYMsswI",
            "created_at": "2025-07-26T09:13:09.699Z",
            "expires_at": "2025-08-02T09:13:09Z"
        }
    },
    {
        "model": "token_blacklist.outstandingtoken",
        "pk": 39,
        "fields": {
            "user": 12,
            "jti": "2dd9cbece8044ed886bc4734458ea66c",
            "token": "eyJhbGciOiJIUzI1NiIsInR5cCI6IkpXVCJ9.eyJ0b2tlbl90eXBlIjoicmVmcmVzaCIsImV4cCI6MTc1NDEzMDcwOCwiaWF0IjoxNzUzNTI1OTA4LCJqdGkiOiIyZGQ5Y2JlY2U4MDQ0ZWQ4ODZiYzQ3MzQ0NThlYTY2YyIsInVzZXJfaWQiOjEyfQ.Sm9PmUZi_3yPwaxC81FLbnV9AvGur8JMGPfnhKPnI8s",
            "created_at": "2025-07-26T10:31:48.480Z",
            "expires_at": "2025-08-02T10:31:48Z"
        }
    },
    {
        "model": "token_blacklist.outstandingtoken",
        "pk": 40,
        "fields": {
            "user": 40,
            "jti": "b0320f1a49b242b78cefab5c8e6494b3",
            "token": "eyJhbGciOiJIUzI1NiIsInR5cCI6IkpXVCJ9.eyJ0b2tlbl90eXBlIjoicmVmcmVzaCIsImV4cCI6MTc1NDEzMDgyNSwiaWF0IjoxNzUzNTI2MDI1LCJqdGkiOiJiMDMyMGYxYTQ5YjI0MmI3OGNlZmFiNWM4ZTY0OTRiMyIsInVzZXJfaWQiOjQwfQ.bLbRV-r_l6BAmmWKx9ejnsvQL0Vj6809YR-HHTF9NoM",
            "created_at": "2025-07-26T10:33:45.079Z",
            "expires_at": "2025-08-02T10:33:45Z"
        }
    },
    {
        "model": "token_blacklist.outstandingtoken",
        "pk": 41,
        "fields": {
            "user": 40,
            "jti": "aa1c59dbf03645d0b7758d8ff0a304fb",
            "token": "eyJhbGciOiJIUzI1NiIsInR5cCI6IkpXVCJ9.eyJ0b2tlbl90eXBlIjoicmVmcmVzaCIsImV4cCI6MTc1NDEzMzI5MSwiaWF0IjoxNzUzNTI4NDkxLCJqdGkiOiJhYTFjNTlkYmYwMzY0NWQwYjc3NThkOGZmMGEzMDRmYiIsInVzZXJfaWQiOjQwfQ.qtREQfLiBJQQQ-2_xnUSf0SK2hfsBWvKH4uzEJGYnQg",
            "created_at": "2025-07-26T11:14:51.510Z",
            "expires_at": "2025-08-02T11:14:51Z"
        }
    },
    {
        "model": "token_blacklist.outstandingtoken",
        "pk": 42,
        "fields": {
            "user": 40,
            "jti": "913cf85c44fc4e0b8ceb3121e7e3eaf7",
            "token": "eyJhbGciOiJIUzI1NiIsInR5cCI6IkpXVCJ9.eyJ0b2tlbl90eXBlIjoicmVmcmVzaCIsImV4cCI6MTc1NDIxNjEyMywiaWF0IjoxNzUzNjExMzIzLCJqdGkiOiI5MTNjZjg1YzQ0ZmM0ZTBiOGNlYjMxMjFlN2UzZWFmNyIsInVzZXJfaWQiOjQwfQ.dbMzpKVoEqHwoItYGle7p4PD5RBntE3RNYilWN_oIe4",
            "created_at": "2025-07-27T10:15:23.566Z",
            "expires_at": "2025-08-03T10:15:23Z"
        }
    },
    {
        "model": "token_blacklist.outstandingtoken",
        "pk": 43,
        "fields": {
            "user": 12,
            "jti": "e9c27fc5d57b420b92d488327e35a5c2",
            "token": "eyJhbGciOiJIUzI1NiIsInR5cCI6IkpXVCJ9.eyJ0b2tlbl90eXBlIjoicmVmcmVzaCIsImV4cCI6MTc1NDIxNjE5MCwiaWF0IjoxNzUzNjExMzkwLCJqdGkiOiJlOWMyN2ZjNWQ1N2I0MjBiOTJkNDg4MzI3ZTM1YTVjMiIsInVzZXJfaWQiOjEyfQ.c9uQYIB5iIpvUbsq6SZMy8fBLOuqPKPZW7AW5DjKs2Q",
            "created_at": "2025-07-27T10:16:30.317Z",
            "expires_at": "2025-08-03T10:16:30Z"
        }
    },
    {
        "model": "token_blacklist.outstandingtoken",
        "pk": 44,
        "fields": {
            "user": 12,
            "jti": "59833572de1a4052971796c9978077b5",
            "token": "eyJhbGciOiJIUzI1NiIsInR5cCI6IkpXVCJ9.eyJ0b2tlbl90eXBlIjoicmVmcmVzaCIsImV4cCI6MTc1NDIyOTM5NCwiaWF0IjoxNzUzNjI0NTk0LCJqdGkiOiI1OTgzMzU3MmRlMWE0MDUyOTcxNzk2Yzk5NzgwNzdiNSIsInVzZXJfaWQiOjEyfQ.6ZbQuyZ9kCYVr9xpvG1LeCmsZdEjF0-8Ln2bPQTUSCQ",
            "created_at": "2025-07-27T13:56:34.866Z",
            "expires_at": "2025-08-03T13:56:34Z"
        }
    },
    {
        "model": "token_blacklist.outstandingtoken",
        "pk": 45,
        "fields": {
            "user": 12,
            "jti": "b05635d1aa0d4d2a88c8e0100219a995",
            "token": "eyJhbGciOiJIUzI1NiIsInR5cCI6IkpXVCJ9.eyJ0b2tlbl90eXBlIjoicmVmcmVzaCIsImV4cCI6MTc1NDYwMDEyNywiaWF0IjoxNzUzOTk1MzI3LCJqdGkiOiJiMDU2MzVkMWFhMGQ0ZDJhODhjOGUwMTAwMjE5YTk5NSIsInVzZXJfaWQiOjEyfQ.oh4nsTwpcf0s7R5yACQa9JX6q_9hpo9kEZkWzXU6vZI",
            "created_at": "2025-07-31T20:55:27.062Z",
            "expires_at": "2025-08-07T20:55:27Z"
        }
    },
    {
        "model": "token_blacklist.outstandingtoken",
        "pk": 46,
        "fields": {
            "user": 4,
            "jti": "8d8a5dec163341919490472926790baf",
            "token": "eyJhbGciOiJIUzI1NiIsInR5cCI6IkpXVCJ9.eyJ0b2tlbl90eXBlIjoicmVmcmVzaCIsImV4cCI6MTc1NDYwMDMyMSwiaWF0IjoxNzUzOTk1NTIxLCJqdGkiOiI4ZDhhNWRlYzE2MzM0MTkxOTQ5MDQ3MjkyNjc5MGJhZiIsInVzZXJfaWQiOjR9.HRXOV7shSdpeH8bttbWo31AjbWeqs6ts4OBRO7OQbnc",
            "created_at": "2025-07-31T20:58:41.001Z",
            "expires_at": "2025-08-07T20:58:41Z"
        }
    },
    {
        "model": "token_blacklist.outstandingtoken",
        "pk": 47,
        "fields": {
            "user": 26,
            "jti": "a364bfc898e44fb88f99e88efb48ec56",
            "token": "eyJhbGciOiJIUzI1NiIsInR5cCI6IkpXVCJ9.eyJ0b2tlbl90eXBlIjoicmVmcmVzaCIsImV4cCI6MTc1NDYwMDYwNywiaWF0IjoxNzUzOTk1ODA3LCJqdGkiOiJhMzY0YmZjODk4ZTQ0ZmI4OGY5OWU4OGVmYjQ4ZWM1NiIsInVzZXJfaWQiOjI2fQ.YUSmcVmk4O-2iEzzwdFXqQ8jG2oRhSJiGnyQhUVc1I8",
            "created_at": "2025-07-31T21:03:27.938Z",
            "expires_at": "2025-08-07T21:03:27Z"
        }
    },
    {
        "model": "token_blacklist.outstandingtoken",
        "pk": 48,
        "fields": {
            "user": 26,
            "jti": "11fb898185db42579448905cd4d77336",
            "token": "eyJhbGciOiJIUzI1NiIsInR5cCI6IkpXVCJ9.eyJ0b2tlbl90eXBlIjoicmVmcmVzaCIsImV4cCI6MTc1NDYwMDk3MywiaWF0IjoxNzUzOTk2MTczLCJqdGkiOiIxMWZiODk4MTg1ZGI0MjU3OTQ0ODkwNWNkNGQ3NzMzNiIsInVzZXJfaWQiOjI2fQ.Ihn6YJ5pQ1fCPmiCGBu8bGJ2LB6DVcUwQpRlvT0Vh_k",
            "created_at": "2025-07-31T21:09:33.274Z",
            "expires_at": "2025-08-07T21:09:33Z"
        }
    },
    {
        "model": "token_blacklist.outstandingtoken",
        "pk": 49,
        "fields": {
            "user": 26,
            "jti": "394876c4d9924a0d8bfe016773fae6f6",
            "token": "eyJhbGciOiJIUzI1NiIsInR5cCI6IkpXVCJ9.eyJ0b2tlbl90eXBlIjoicmVmcmVzaCIsImV4cCI6MTc1NDYwNjg5NiwiaWF0IjoxNzU0MDAyMDk2LCJqdGkiOiIzOTQ4NzZjNGQ5OTI0YTBkOGJmZTAxNjc3M2ZhZTZmNiIsInVzZXJfaWQiOjI2fQ.bn6wmEWAM_PAjA8bDaTN_g6TKaMPEA03UoMPtbfy1yU",
            "created_at": "2025-07-31T22:48:16.757Z",
            "expires_at": "2025-08-07T22:48:16Z"
        }
    },
    {
        "model": "token_blacklist.outstandingtoken",
        "pk": 50,
        "fields": {
            "user": 26,
            "jti": "76d8abc8efcf445b8146d399a9a547d4",
            "token": "eyJhbGciOiJIUzI1NiIsInR5cCI6IkpXVCJ9.eyJ0b2tlbl90eXBlIjoicmVmcmVzaCIsImV4cCI6MTc1NDczMjAyOCwiaWF0IjoxNzU0MTI3MjI4LCJqdGkiOiI3NmQ4YWJjOGVmY2Y0NDViODE0NmQzOTlhOWE1NDdkNCIsInVzZXJfaWQiOjI2fQ.9C4CUWrnCX-VZ9IiRllMvcDDb-53_NflnKevt_T3KEI",
            "created_at": "2025-08-02T09:33:48.640Z",
            "expires_at": "2025-08-09T09:33:48Z"
        }
    },
    {
        "model": "token_blacklist.outstandingtoken",
        "pk": 51,
        "fields": {
            "user": 12,
            "jti": "77e9bfc6bca647ee87bd8e264616ad8c",
            "token": "eyJhbGciOiJIUzI1NiIsInR5cCI6IkpXVCJ9.eyJ0b2tlbl90eXBlIjoicmVmcmVzaCIsImV4cCI6MTc1NDczMjA3MywiaWF0IjoxNzU0MTI3MjczLCJqdGkiOiI3N2U5YmZjNmJjYTY0N2VlODdiZDhlMjY0NjE2YWQ4YyIsInVzZXJfaWQiOjEyfQ.HOZcJeaiX5TdG4AsDSeRE9H84v_JzLcmED1SVKTSimU",
            "created_at": "2025-08-02T09:34:33.026Z",
            "expires_at": "2025-08-09T09:34:33Z"
        }
    },
    {
        "model": "token_blacklist.outstandingtoken",
        "pk": 52,
        "fields": {
            "user": 17,
            "jti": "8194f726b90c44cd821ba5c6681026dd",
            "token": "eyJhbGciOiJIUzI1NiIsInR5cCI6IkpXVCJ9.eyJ0b2tlbl90eXBlIjoicmVmcmVzaCIsImV4cCI6MTc1NDczMjYyNSwiaWF0IjoxNzU0MTI3ODI1LCJqdGkiOiI4MTk0ZjcyNmI5MGM0NGNkODIxYmE1YzY2ODEwMjZkZCIsInVzZXJfaWQiOjE3fQ.XqWs7rHgxgtMkMJaPjsK_BHYlDFtnTc54-8Uzt0z1Ng",
            "created_at": "2025-08-02T09:43:45.137Z",
            "expires_at": "2025-08-09T09:43:45Z"
        }
    },
    {
        "model": "token_blacklist.outstandingtoken",
        "pk": 53,
        "fields": {
            "user": 17,
            "jti": "82a9e545b4ff49ce8557d6024ce8952a",
            "token": "eyJhbGciOiJIUzI1NiIsInR5cCI6IkpXVCJ9.eyJ0b2tlbl90eXBlIjoicmVmcmVzaCIsImV4cCI6MTc1NDczMjY2MiwiaWF0IjoxNzU0MTI3ODYyLCJqdGkiOiI4MmE5ZTU0NWI0ZmY0OWNlODU1N2Q2MDI0Y2U4OTUyYSIsInVzZXJfaWQiOjE3fQ.yrqGJOc3y_Cna4dO5yAOf_GGf4_UzktJ-CF9NiWVDNg",
            "created_at": "2025-08-02T09:44:22.604Z",
            "expires_at": "2025-08-09T09:44:22Z"
        }
    },
    {
        "model": "token_blacklist.outstandingtoken",
        "pk": 54,
        "fields": {
            "user": 40,
            "jti": "fa35c27955f3486a8d8466a427e7868e",
            "token": "eyJhbGciOiJIUzI1NiIsInR5cCI6IkpXVCJ9.eyJ0b2tlbl90eXBlIjoicmVmcmVzaCIsImV4cCI6MTc1NDczNDMzOSwiaWF0IjoxNzU0MTI5NTM5LCJqdGkiOiJmYTM1YzI3OTU1ZjM0ODZhOGQ4NDY2YTQyN2U3ODY4ZSIsInVzZXJfaWQiOjQwfQ.Wh7p9Yyycp6QNKBm_Vfg6EGUj0bJPclYa_3EJDrJH-I",
            "created_at": "2025-08-02T10:12:19.188Z",
            "expires_at": "2025-08-09T10:12:19Z"
        }
    },
    {
        "model": "token_blacklist.outstandingtoken",
        "pk": 55,
        "fields": {
            "user": 17,
            "jti": "0852539713624895a9d6dc8dcc8db24a",
            "token": "eyJhbGciOiJIUzI1NiIsInR5cCI6IkpXVCJ9.eyJ0b2tlbl90eXBlIjoicmVmcmVzaCIsImV4cCI6MTc1NDczNTY0OSwiaWF0IjoxNzU0MTMwODQ5LCJqdGkiOiIwODUyNTM5NzEzNjI0ODk1YTlkNmRjOGRjYzhkYjI0YSIsInVzZXJfaWQiOjE3fQ.d182z2rdr22_FjXTYuDozxnrRyaEOykL-UGrH4TuxHs",
            "created_at": "2025-08-02T10:34:09.007Z",
            "expires_at": "2025-08-09T10:34:09Z"
        }
    },
    {
        "model": "token_blacklist.outstandingtoken",
        "pk": 56,
        "fields": {
            "user": 17,
            "jti": "7a1772dd93034091a84eedbd0fe0bd45",
            "token": "eyJhbGciOiJIUzI1NiIsInR5cCI6IkpXVCJ9.eyJ0b2tlbl90eXBlIjoicmVmcmVzaCIsImV4cCI6MTc1NDczNTY2NCwiaWF0IjoxNzU0MTMwODY0LCJqdGkiOiI3YTE3NzJkZDkzMDM0MDkxYTg0ZWVkYmQwZmUwYmQ0NSIsInVzZXJfaWQiOjE3fQ.NB7FpulMmakTXKIaixfSUgNgQSMTzwX4VaoiQNGYNu0",
            "created_at": "2025-08-02T10:34:24.861Z",
            "expires_at": "2025-08-09T10:34:24Z"
        }
    },
    {
        "model": "token_blacklist.outstandingtoken",
        "pk": 57,
        "fields": {
            "user": 40,
            "jti": "7bdcee9c9e7e49e8be63731f158e6de9",
            "token": "eyJhbGciOiJIUzI1NiIsInR5cCI6IkpXVCJ9.eyJ0b2tlbl90eXBlIjoicmVmcmVzaCIsImV4cCI6MTc1NDc2MDE2OCwiaWF0IjoxNzU0MTU1MzY4LCJqdGkiOiI3YmRjZWU5YzllN2U0OWU4YmU2MzczMWYxNThlNmRlOSIsInVzZXJfaWQiOjQwfQ.I0ItTFCFZOvSCnsoAcdLw4ZHKh3erKqMY0FPbd2A_2E",
            "created_at": "2025-08-02T17:22:48.664Z",
            "expires_at": "2025-08-09T17:22:48Z"
        }
    },
    {
        "model": "token_blacklist.outstandingtoken",
        "pk": 58,
        "fields": {
            "user": 12,
            "jti": "d6731ec7fe024455a19895633cd06f4d",
            "token": "eyJhbGciOiJIUzI1NiIsInR5cCI6IkpXVCJ9.eyJ0b2tlbl90eXBlIjoicmVmcmVzaCIsImV4cCI6MTc1NDc2MDE5OSwiaWF0IjoxNzU0MTU1Mzk5LCJqdGkiOiJkNjczMWVjN2ZlMDI0NDU1YTE5ODk1NjMzY2QwNmY0ZCIsInVzZXJfaWQiOjEyfQ.D5SuqhEw318e8TVm-PCVRFBcLcuPoXNAfsulFVxfw6k",
            "created_at": "2025-08-02T17:23:19.790Z",
            "expires_at": "2025-08-09T17:23:19Z"
        }
    },
    {
        "model": "token_blacklist.outstandingtoken",
        "pk": 59,
        "fields": {
            "user": 12,
            "jti": "161b09cddff146caa339735e193e7b0e",
            "token": "eyJhbGciOiJIUzI1NiIsInR5cCI6IkpXVCJ9.eyJ0b2tlbl90eXBlIjoicmVmcmVzaCIsImV4cCI6MTc1NDgxMTgwMywiaWF0IjoxNzU0MjA3MDAzLCJqdGkiOiIxNjFiMDljZGRmZjE0NmNhYTMzOTczNWUxOTNlN2IwZSIsInVzZXJfaWQiOjEyfQ.phN71sJuj07OVapNx4zY4kuxgzuHpSgVdcozXX8SDVI",
            "created_at": "2025-08-03T07:43:23.378Z",
            "expires_at": "2025-08-10T07:43:23Z"
        }
    },
    {
        "model": "token_blacklist.outstandingtoken",
        "pk": 60,
        "fields": {
            "user": 12,
            "jti": "de4c6e77eac842eaa43bcb1359c02808",
            "token": "eyJhbGciOiJIUzI1NiIsInR5cCI6IkpXVCJ9.eyJ0b2tlbl90eXBlIjoicmVmcmVzaCIsImV4cCI6MTc1NDgxNDcxMSwiaWF0IjoxNzU0MjA5OTExLCJqdGkiOiJkZTRjNmU3N2VhYzg0MmVhYTQzYmNiMTM1OWMwMjgwOCIsInVzZXJfaWQiOjEyfQ.-nMc9hu4TpIXzcxWHsoNu37X1xgwrrtsoGfmvbOdUGc",
            "created_at": "2025-08-03T08:31:51.715Z",
            "expires_at": "2025-08-10T08:31:51Z"
        }
    },
    {
        "model": "token_blacklist.outstandingtoken",
        "pk": 61,
        "fields": {
            "user": 12,
            "jti": "d361bb875c584b8a869ff20ce5bfd413",
            "token": "eyJhbGciOiJIUzI1NiIsInR5cCI6IkpXVCJ9.eyJ0b2tlbl90eXBlIjoicmVmcmVzaCIsImV4cCI6MTc1NDgxNzQzMiwiaWF0IjoxNzU0MjEyNjMyLCJqdGkiOiJkMzYxYmI4NzVjNTg0YjhhODY5ZmYyMGNlNWJmZDQxMyIsInVzZXJfaWQiOjEyfQ.2V-lWUe_gV4alPMxmu5F4C8PaAwFvCtT9YjIf45VVHY",
            "created_at": "2025-08-03T09:17:12.610Z",
            "expires_at": "2025-08-10T09:17:12Z"
        }
    },
    {
        "model": "token_blacklist.outstandingtoken",
        "pk": 62,
        "fields": {
            "user": 12,
            "jti": "de83af077a754ef9a9c6760d52cc1536",
            "token": "eyJhbGciOiJIUzI1NiIsInR5cCI6IkpXVCJ9.eyJ0b2tlbl90eXBlIjoicmVmcmVzaCIsImV4cCI6MTc1NDgyMDIzNCwiaWF0IjoxNzU0MjE1NDM0LCJqdGkiOiJkZTgzYWYwNzdhNzU0ZWY5YTljNjc2MGQ1MmNjMTUzNiIsInVzZXJfaWQiOjEyfQ.lNN7Sk3ZtUUi7k9kI5hXocQASZiZlu84uBLykAb-z7Y",
            "created_at": "2025-08-03T10:03:54.159Z",
            "expires_at": "2025-08-10T10:03:54Z"
        }
    },
    {
        "model": "token_blacklist.outstandingtoken",
        "pk": 63,
        "fields": {
            "user": 12,
            "jti": "cdcae65ddd694b759b541f6746794206",
            "token": "eyJhbGciOiJIUzI1NiIsInR5cCI6IkpXVCJ9.eyJ0b2tlbl90eXBlIjoicmVmcmVzaCIsImV4cCI6MTc1NDgyMzA5NywiaWF0IjoxNzU0MjE4Mjk3LCJqdGkiOiJjZGNhZTY1ZGRkNjk0Yjc1OWI1NDFmNjc0Njc5NDIwNiIsInVzZXJfaWQiOjEyfQ.gxnKpNu6CF3bXSqjJivswCtUO3cpC1bMjHb-oECxIE8",
            "created_at": "2025-08-03T10:51:37.097Z",
            "expires_at": "2025-08-10T10:51:37Z"
        }
    },
    {
        "model": "token_blacklist.outstandingtoken",
        "pk": 64,
        "fields": {
            "user": 26,
            "jti": "3f6aaf6adda3491bbaf356e647fba0dd",
            "token": "eyJhbGciOiJIUzI1NiIsInR5cCI6IkpXVCJ9.eyJ0b2tlbl90eXBlIjoicmVmcmVzaCIsImV4cCI6MTc1NDgyNTYxMSwiaWF0IjoxNzU0MjIwODExLCJqdGkiOiIzZjZhYWY2YWRkYTM0OTFiYmFmMzU2ZTY0N2ZiYTBkZCIsInVzZXJfaWQiOjI2fQ.CygT11bATBNQ3CdTTqChLx9-E63MkzYpf211itMiUcU",
            "created_at": "2025-08-03T11:33:31.861Z",
            "expires_at": "2025-08-10T11:33:31Z"
        }
    },
    {
        "model": "token_blacklist.outstandingtoken",
        "pk": 65,
        "fields": {
            "user": 12,
            "jti": "649f3ffc36914342bd9c903e2a62bb66",
            "token": "eyJhbGciOiJIUzI1NiIsInR5cCI6IkpXVCJ9.eyJ0b2tlbl90eXBlIjoicmVmcmVzaCIsImV4cCI6MTc1NDgyOTYzOCwiaWF0IjoxNzU0MjI0ODM4LCJqdGkiOiI2NDlmM2ZmYzM2OTE0MzQyYmQ5YzkwM2UyYTYyYmI2NiIsInVzZXJfaWQiOjEyfQ.ojz4jjjl4gtW9NDrfxGT8v_1gX6aziBhHm6iKr8HoY8",
            "created_at": "2025-08-03T12:40:38.948Z",
            "expires_at": "2025-08-10T12:40:38Z"
        }
    },
    {
        "model": "token_blacklist.outstandingtoken",
        "pk": 66,
        "fields": {
            "user": 12,
            "jti": "874ad18f6b744ebc9b07fdea1bcfdcc4",
            "token": "eyJhbGciOiJIUzI1NiIsInR5cCI6IkpXVCJ9.eyJ0b2tlbl90eXBlIjoicmVmcmVzaCIsImV4cCI6MTc1NDgzMjkzMCwiaWF0IjoxNzU0MjI4MTMwLCJqdGkiOiI4NzRhZDE4ZjZiNzQ0ZWJjOWIwN2ZkZWExYmNmZGNjNCIsInVzZXJfaWQiOjEyfQ.D7KAHqP8FKY4jMfr2uO-rFEK-oIcEK03fkUHprNrDj4",
            "created_at": "2025-08-03T13:35:30.364Z",
            "expires_at": "2025-08-10T13:35:30Z"
        }
    },
    {
        "model": "token_blacklist.outstandingtoken",
        "pk": 67,
        "fields": {
            "user": 40,
            "jti": "438af4bb16a44282913d71e777fc35eb",
            "token": "eyJhbGciOiJIUzI1NiIsInR5cCI6IkpXVCJ9.eyJ0b2tlbl90eXBlIjoicmVmcmVzaCIsImV4cCI6MTc1NDgzNDk2MCwiaWF0IjoxNzU0MjMwMTYwLCJqdGkiOiI0MzhhZjRiYjE2YTQ0MjgyOTEzZDcxZTc3N2ZjMzVlYiIsInVzZXJfaWQiOjQwfQ.ptWW3eyQtzW4eNaq-5yfrhpwfdP7bbI-z-W4GOUhiWs",
            "created_at": "2025-08-03T14:09:20.327Z",
            "expires_at": "2025-08-10T14:09:20Z"
        }
    },
    {
        "model": "token_blacklist.outstandingtoken",
        "pk": 68,
        "fields": {
            "user": 12,
            "jti": "5de0249977be4b729f41b0c24b24945b",
            "token": "eyJhbGciOiJIUzI1NiIsInR5cCI6IkpXVCJ9.eyJ0b2tlbl90eXBlIjoicmVmcmVzaCIsImV4cCI6MTc1NDgzODQ5NCwiaWF0IjoxNzU0MjMzNjk0LCJqdGkiOiI1ZGUwMjQ5OTc3YmU0YjcyOWY0MWIwYzI0YjI0OTQ1YiIsInVzZXJfaWQiOjEyfQ.qBpMfLeIcxnc0KmHxMv5PbYWUPlF6ytfDeSDW0eUVJU",
            "created_at": "2025-08-03T15:08:14.464Z",
            "expires_at": "2025-08-10T15:08:14Z"
        }
    },
    {
        "model": "token_blacklist.outstandingtoken",
        "pk": 69,
        "fields": {
            "user": 12,
            "jti": "4610b14f65c54b9c9c28f5da052fb140",
            "token": "eyJhbGciOiJIUzI1NiIsInR5cCI6IkpXVCJ9.eyJ0b2tlbl90eXBlIjoicmVmcmVzaCIsImV4cCI6MTc1NDg0NzAyNiwiaWF0IjoxNzU0MjQyMjI2LCJqdGkiOiI0NjEwYjE0ZjY1YzU0YjljOWMyOGY1ZGEwNTJmYjE0MCIsInVzZXJfaWQiOjEyfQ.TI2i1WKbFOsuLDzFNrn1eyxlBbsQXTHGQbXXSn3uPp4",
            "created_at": "2025-08-03T17:30:26.555Z",
            "expires_at": "2025-08-10T17:30:26Z"
        }
    },
    {
        "model": "token_blacklist.outstandingtoken",
        "pk": 70,
        "fields": {
            "user": 12,
            "jti": "b2bf8ad22998491dacb80951fb8a7621",
            "token": "eyJhbGciOiJIUzI1NiIsInR5cCI6IkpXVCJ9.eyJ0b2tlbl90eXBlIjoicmVmcmVzaCIsImV4cCI6MTc1NDg1MDA0OCwiaWF0IjoxNzU0MjQ1MjQ4LCJqdGkiOiJiMmJmOGFkMjI5OTg0OTFkYWNiODA5NTFmYjhhNzYyMSIsInVzZXJfaWQiOjEyfQ.WjwNieTlmy594B1MzXCN890FVFcq4b9RiaZ9raj3Zig",
            "created_at": "2025-08-03T18:20:48.069Z",
            "expires_at": "2025-08-10T18:20:48Z"
        }
    },
    {
        "model": "token_blacklist.outstandingtoken",
        "pk": 71,
        "fields": {
            "user": 12,
            "jti": "7396977599f94cc79243d1fc129e6e0d",
            "token": "eyJhbGciOiJIUzI1NiIsInR5cCI6IkpXVCJ9.eyJ0b2tlbl90eXBlIjoicmVmcmVzaCIsImV4cCI6MTc1NDg5OTE5MCwiaWF0IjoxNzU0Mjk0MzkwLCJqdGkiOiI3Mzk2OTc3NTk5Zjk0Y2M3OTI0M2QxZmMxMjllNmUwZCIsInVzZXJfaWQiOjEyfQ.oRTQRCEayOnGue2wv44zQXjvScAasADki8lrApZqzi4",
            "created_at": "2025-08-04T07:59:50.565Z",
            "expires_at": "2025-08-11T07:59:50Z"
        }
    },
    {
        "model": "token_blacklist.outstandingtoken",
        "pk": 72,
        "fields": {
            "user": 12,
            "jti": "de1dc3f8f31f48b5bcaa7c77da60cb6c",
            "token": "eyJhbGciOiJIUzI1NiIsInR5cCI6IkpXVCJ9.eyJ0b2tlbl90eXBlIjoicmVmcmVzaCIsImV4cCI6MTc1NDkwMTY3NCwiaWF0IjoxNzU0Mjk2ODc0LCJqdGkiOiJkZTFkYzNmOGYzMWY0OGI1YmNhYTdjNzdkYTYwY2I2YyIsInVzZXJfaWQiOjEyfQ.f5VIMwZng90iHFZwSUEHzlxDbDvV68Vsd2k7KLiYOb4",
            "created_at": "2025-08-04T08:41:14.488Z",
            "expires_at": "2025-08-11T08:41:14Z"
        }
    },
    {
        "model": "token_blacklist.outstandingtoken",
        "pk": 73,
        "fields": {
            "user": 12,
            "jti": "14bb7e025639408fafe4c617fcca000d",
            "token": "eyJhbGciOiJIUzI1NiIsInR5cCI6IkpXVCJ9.eyJ0b2tlbl90eXBlIjoicmVmcmVzaCIsImV4cCI6MTc1NDkwMjUxMywiaWF0IjoxNzU0Mjk3NzEzLCJqdGkiOiIxNGJiN2UwMjU2Mzk0MDhmYWZlNGM2MTdmY2NhMDAwZCIsInVzZXJfaWQiOjEyfQ.pRgfiwA8RbG0uTEl5kFSQegFWB4gMGdXa7gf1YUMbhs",
            "created_at": "2025-08-04T08:55:13.216Z",
            "expires_at": "2025-08-11T08:55:13Z"
        }
    },
    {
        "model": "token_blacklist.outstandingtoken",
        "pk": 74,
        "fields": {
            "user": 12,
            "jti": "958619d6979045afa2e474b69b6d2e91",
            "token": "eyJhbGciOiJIUzI1NiIsInR5cCI6IkpXVCJ9.eyJ0b2tlbl90eXBlIjoicmVmcmVzaCIsImV4cCI6MTc1NDkzNzcwOCwiaWF0IjoxNzU0MzMyOTA4LCJqdGkiOiI5NTg2MTlkNjk3OTA0NWFmYTJlNDc0YjY5YjZkMmU5MSIsInVzZXJfaWQiOjEyfQ.hUQ-r3M5RCCkNJweEX7c8fzoZ6LrKUE6ytLhvgSOqW4",
            "created_at": "2025-08-04T18:41:48.288Z",
            "expires_at": "2025-08-11T18:41:48Z"
        }
    },
    {
        "model": "token_blacklist.outstandingtoken",
        "pk": 75,
        "fields": {
            "user": 40,
            "jti": "1c5d83de53844aeaa8ef04e8913feb07",
            "token": "eyJhbGciOiJIUzI1NiIsInR5cCI6IkpXVCJ9.eyJ0b2tlbl90eXBlIjoicmVmcmVzaCIsImV4cCI6MTc1NDkzNzc3MiwiaWF0IjoxNzU0MzMyOTcyLCJqdGkiOiIxYzVkODNkZTUzODQ0YWVhYThlZjA0ZTg5MTNmZWIwNyIsInVzZXJfaWQiOjQwfQ.OV7_WI8WC_Zbsi9g1J7uOYzt84B0_jl8FDg0T8n5m2g",
            "created_at": "2025-08-04T18:42:52.650Z",
            "expires_at": "2025-08-11T18:42:52Z"
        }
    },
    {
        "model": "token_blacklist.outstandingtoken",
        "pk": 76,
        "fields": {
            "user": 40,
            "jti": "61cf5dd1416f4c66af4baebe7e7516b5",
            "token": "eyJhbGciOiJIUzI1NiIsInR5cCI6IkpXVCJ9.eyJ0b2tlbl90eXBlIjoicmVmcmVzaCIsImV4cCI6MTc1NDk0NDY0MiwiaWF0IjoxNzU0MzM5ODQyLCJqdGkiOiI2MWNmNWRkMTQxNmY0YzY2YWY0YmFlYmU3ZTc1MTZiNSIsInVzZXJfaWQiOjQwfQ.7RC9SAzbevbpfIq5ndYrwLxhxe1yDfw5XBWlanuBEMQ",
            "created_at": "2025-08-04T20:37:22.063Z",
            "expires_at": "2025-08-11T20:37:22Z"
        }
    },
    {
        "model": "token_blacklist.outstandingtoken",
        "pk": 77,
        "fields": {
            "user": 31,
            "jti": "814c1658690144fd9a23a383edada4e6",
            "token": "eyJhbGciOiJIUzI1NiIsInR5cCI6IkpXVCJ9.eyJ0b2tlbl90eXBlIjoicmVmcmVzaCIsImV4cCI6MTc1NDk0NDc0NSwiaWF0IjoxNzU0MzM5OTQ1LCJqdGkiOiI4MTRjMTY1ODY5MDE0NGZkOWEyM2EzODNlZGFkYTRlNiIsInVzZXJfaWQiOjMxfQ.KdcNetdAfxCtKfx5bRNMMQev418sP1X4n7DwEi1Oo_s",
            "created_at": "2025-08-04T20:39:05.080Z",
            "expires_at": "2025-08-11T20:39:05Z"
        }
    },
    {
        "model": "token_blacklist.outstandingtoken",
        "pk": 78,
        "fields": {
            "user": 17,
            "jti": "90d168d503574eb18383a63342529441",
            "token": "eyJhbGciOiJIUzI1NiIsInR5cCI6IkpXVCJ9.eyJ0b2tlbl90eXBlIjoicmVmcmVzaCIsImV4cCI6MTc1NDk0NDkwNCwiaWF0IjoxNzU0MzQwMTA0LCJqdGkiOiI5MGQxNjhkNTAzNTc0ZWIxODM4M2E2MzM0MjUyOTQ0MSIsInVzZXJfaWQiOjE3fQ.ZupBMi9TAiwcaBBbMIn-l50xmZOeIm8cyNcrk6Enuj8",
            "created_at": "2025-08-04T20:41:44.025Z",
            "expires_at": "2025-08-11T20:41:44Z"
        }
    },
    {
        "model": "token_blacklist.outstandingtoken",
        "pk": 79,
        "fields": {
            "user": 12,
            "jti": "89e3fb85b77e45cb9f3c8217ba77b2fc",
            "token": "eyJhbGciOiJIUzI1NiIsInR5cCI6IkpXVCJ9.eyJ0b2tlbl90eXBlIjoicmVmcmVzaCIsImV4cCI6MTc1NDk0NTQxNywiaWF0IjoxNzU0MzQwNjE3LCJqdGkiOiI4OWUzZmI4NWI3N2U0NWNiOWYzYzgyMTdiYTc3YjJmYyIsInVzZXJfaWQiOjEyfQ.0EpiECOVxl4pvn07HejPoop6028h42oZPGx5-64jbtE",
            "created_at": "2025-08-04T20:50:17.289Z",
            "expires_at": "2025-08-11T20:50:17Z"
        }
    },
    {
        "model": "token_blacklist.outstandingtoken",
        "pk": 80,
        "fields": {
            "user": 31,
            "jti": "b0f56f094667499e92f1f766b95f254d",
            "token": "eyJhbGciOiJIUzI1NiIsInR5cCI6IkpXVCJ9.eyJ0b2tlbl90eXBlIjoicmVmcmVzaCIsImV4cCI6MTc1NDk5Mjc5NywiaWF0IjoxNzU0Mzg3OTk3LCJqdGkiOiJiMGY1NmYwOTQ2Njc0OTllOTJmMWY3NjZiOTVmMjU0ZCIsInVzZXJfaWQiOjMxfQ.Yg77grW2K6q99mjdPS3_3T_1XW_DvSZBCkEDUk2Lh7E",
            "created_at": "2025-08-05T09:59:57.496Z",
            "expires_at": "2025-08-12T09:59:57Z"
        }
    },
    {
        "model": "token_blacklist.outstandingtoken",
        "pk": 81,
        "fields": {
            "user": 12,
            "jti": "ac0d87db3f7e4d788daa7a119401dd88",
            "token": "eyJhbGciOiJIUzI1NiIsInR5cCI6IkpXVCJ9.eyJ0b2tlbl90eXBlIjoicmVmcmVzaCIsImV4cCI6MTc1NTEwOTcyNywiaWF0IjoxNzU0NTA0OTI3LCJqdGkiOiJhYzBkODdkYjNmN2U0ZDc4OGRhYTdhMTE5NDAxZGQ4OCIsInVzZXJfaWQiOjEyfQ.dC5R-NWznKePayO_HhEIqrpfb2VT1xin26hu3unMT1g",
            "created_at": "2025-08-06T18:28:47.399Z",
            "expires_at": "2025-08-13T18:28:47Z"
        }
    },
    {
        "model": "token_blacklist.outstandingtoken",
        "pk": 82,
        "fields": {
            "user": 31,
            "jti": "b13a4b51e2904554ac1b0b002529abf5",
            "token": "eyJhbGciOiJIUzI1NiIsInR5cCI6IkpXVCJ9.eyJ0b2tlbl90eXBlIjoicmVmcmVzaCIsImV4cCI6MTc1NTI2NDMzMywiaWF0IjoxNzU0NjU5NTMzLCJqdGkiOiJiMTNhNGI1MWUyOTA0NTU0YWMxYjBiMDAyNTI5YWJmNSIsInVzZXJfaWQiOjMxfQ.2HTLu67AXjnz4F3zDnEELk1dbpJtJ_CXaogMKDk2pXE",
            "created_at": "2025-08-08T13:25:33.947Z",
            "expires_at": "2025-08-15T13:25:33Z"
        }
    },
    {
        "model": "token_blacklist.outstandingtoken",
        "pk": 83,
        "fields": {
            "user": 17,
            "jti": "4df860eea6aa43bfb863d049825d3332",
            "token": "eyJhbGciOiJIUzI1NiIsInR5cCI6IkpXVCJ9.eyJ0b2tlbl90eXBlIjoicmVmcmVzaCIsImV4cCI6MTc1NTI2NDY1MiwiaWF0IjoxNzU0NjU5ODUyLCJqdGkiOiI0ZGY4NjBlZWE2YWE0M2JmYjg2M2QwNDk4MjVkMzMzMiIsInVzZXJfaWQiOjE3fQ.aNPXTNa9LNSFDY6rdCYirtnpWIFHduIv5OVU1E3Vz6Q",
            "created_at": "2025-08-08T13:30:52.343Z",
            "expires_at": "2025-08-15T13:30:52Z"
        }
    },
    {
        "model": "token_blacklist.outstandingtoken",
        "pk": 84,
        "fields": {
            "user": 12,
            "jti": "be78064db14f467ebd8a50d78ffed220",
            "token": "eyJhbGciOiJIUzI1NiIsInR5cCI6IkpXVCJ9.eyJ0b2tlbl90eXBlIjoicmVmcmVzaCIsImV4cCI6MTc1NTI2NDczNywiaWF0IjoxNzU0NjU5OTM3LCJqdGkiOiJiZTc4MDY0ZGIxNGY0NjdlYmQ4YTUwZDc4ZmZlZDIyMCIsInVzZXJfaWQiOjEyfQ.f3Ag0YtNBCICM3Cy5VEaMrI79jUGhpFsIval83Pqy4c",
            "created_at": "2025-08-08T13:32:17.000Z",
            "expires_at": "2025-08-15T13:32:17Z"
        }
    },
    {
        "model": "token_blacklist.outstandingtoken",
        "pk": 85,
        "fields": {
            "user": 12,
            "jti": "1f539f9c71cc45149314c0390196eb61",
            "token": "eyJhbGciOiJIUzI1NiIsInR5cCI6IkpXVCJ9.eyJ0b2tlbl90eXBlIjoicmVmcmVzaCIsImV4cCI6MTc1NTU5MTA2MiwiaWF0IjoxNzU0OTg2MjYyLCJqdGkiOiIxZjUzOWY5YzcxY2M0NTE0OTMxNGMwMzkwMTk2ZWI2MSIsInVzZXJfaWQiOjEyfQ.Ne7Ba2bO58PG2OtYxuVN9aAn6WRnfJZalYrRJzYj56k",
            "created_at": "2025-08-12T08:11:02.402Z",
            "expires_at": "2025-08-19T08:11:02Z"
        }
    },
    {
        "model": "token_blacklist.outstandingtoken",
        "pk": 86,
        "fields": {
            "user": 12,
            "jti": "79b863765b7047bea172db931a40380b",
            "token": "eyJhbGciOiJIUzI1NiIsInR5cCI6IkpXVCJ9.eyJ0b2tlbl90eXBlIjoicmVmcmVzaCIsImV4cCI6MTc1NTYwNzU3MCwiaWF0IjoxNzU1MDAyNzcwLCJqdGkiOiI3OWI4NjM3NjViNzA0N2JlYTE3MmRiOTMxYTQwMzgwYiIsInVzZXJfaWQiOjEyfQ.s6dG3gI_LTcIDl0_nJvmjPPJFIRxQZQnA1ZphN35azo",
            "created_at": "2025-08-12T12:46:10.187Z",
            "expires_at": "2025-08-19T12:46:10Z"
        }
    },
    {
        "model": "token_blacklist.outstandingtoken",
        "pk": 87,
        "fields": {
            "user": 12,
            "jti": "06d5330793a94405bedc453568dd9e3b",
            "token": "eyJhbGciOiJIUzI1NiIsInR5cCI6IkpXVCJ9.eyJ0b2tlbl90eXBlIjoicmVmcmVzaCIsImV4cCI6MTc1NTcxNzAzOSwiaWF0IjoxNzU1MTEyMjM5LCJqdGkiOiIwNmQ1MzMwNzkzYTk0NDA1YmVkYzQ1MzU2OGRkOWUzYiIsInVzZXJfaWQiOjEyfQ.omi9mf67sXplBy3X213pT7qdZAPtsv47FIYT3S_iPB8",
            "created_at": "2025-08-13T19:10:39.811Z",
            "expires_at": "2025-08-20T19:10:39Z"
        }
    },
    {
        "model": "token_blacklist.outstandingtoken",
        "pk": 88,
        "fields": {
            "user": 12,
            "jti": "5f8eb2dd9774486bad1d89a5c5b4f99d",
            "token": "eyJhbGciOiJIUzI1NiIsInR5cCI6IkpXVCJ9.eyJ0b2tlbl90eXBlIjoicmVmcmVzaCIsImV4cCI6MTc1NTcxNzk2MSwiaWF0IjoxNzU1MTEzMTYxLCJqdGkiOiI1ZjhlYjJkZDk3NzQ0ODZiYWQxZDg5YTVjNWI0Zjk5ZCIsInVzZXJfaWQiOjEyfQ.1AEHj4JLk5tCWJGA8e_sjrPozh916Kskjs2VOl_Pnjg",
            "created_at": "2025-08-13T19:26:01.171Z",
            "expires_at": "2025-08-20T19:26:01Z"
        }
    },
    {
        "model": "token_blacklist.outstandingtoken",
        "pk": 89,
        "fields": {
            "user": 12,
            "jti": "162d3bf0970f4ff8984526ce2544d9fd",
            "token": "eyJhbGciOiJIUzI1NiIsInR5cCI6IkpXVCJ9.eyJ0b2tlbl90eXBlIjoicmVmcmVzaCIsImV4cCI6MTc1NTcyMDY4MywiaWF0IjoxNzU1MTE1ODgzLCJqdGkiOiIxNjJkM2JmMDk3MGY0ZmY4OTg0NTI2Y2UyNTQ0ZDlmZCIsInVzZXJfaWQiOjEyfQ.qShwI-M126X_q1OKZ0tUU2mBmmho5_SjlltXrPW7wbo",
            "created_at": "2025-08-13T20:11:23.647Z",
            "expires_at": "2025-08-20T20:11:23Z"
        }
    },
    {
        "model": "token_blacklist.outstandingtoken",
        "pk": 90,
        "fields": {
            "user": 31,
            "jti": "91e7e1d6280744bd8120360be6aa5ac8",
            "token": "eyJhbGciOiJIUzI1NiIsInR5cCI6IkpXVCJ9.eyJ0b2tlbl90eXBlIjoicmVmcmVzaCIsImV4cCI6MTc1NTcyNzA0NiwiaWF0IjoxNzU1MTIyMjQ2LCJqdGkiOiI5MWU3ZTFkNjI4MDc0NGJkODEyMDM2MGJlNmFhNWFjOCIsInVzZXJfaWQiOjMxfQ.Fp0Aq3bQf6sIzGItDNZDYZFIhfpDk3w5Vr1vKFjV_Oo",
            "created_at": "2025-08-13T21:57:26.766Z",
            "expires_at": "2025-08-20T21:57:26Z"
        }
    },
    {
        "model": "token_blacklist.outstandingtoken",
        "pk": 91,
        "fields": {
            "user": 31,
            "jti": "79b44641b3c848d994cff4019ea51aa3",
            "token": "eyJhbGciOiJIUzI1NiIsInR5cCI6IkpXVCJ9.eyJ0b2tlbl90eXBlIjoicmVmcmVzaCIsImV4cCI6MTc1NTc1ODk3OCwiaWF0IjoxNzU1MTU0MTc4LCJqdGkiOiI3OWI0NDY0MWIzYzg0OGQ5OTRjZmY0MDE5ZWE1MWFhMyIsInVzZXJfaWQiOjMxfQ.Qbbuwl9P9m-agAH-CnUIuzQEMFbesQiwyVuLeg2BBEc",
            "created_at": "2025-08-14T06:49:38.242Z",
            "expires_at": "2025-08-21T06:49:38Z"
        }
    },
    {
        "model": "token_blacklist.outstandingtoken",
        "pk": 92,
        "fields": {
            "user": 12,
            "jti": "6ad60d8b175244a1abec2ce47ec1c32b",
            "token": "eyJhbGciOiJIUzI1NiIsInR5cCI6IkpXVCJ9.eyJ0b2tlbl90eXBlIjoicmVmcmVzaCIsImV4cCI6MTc1NTc1OTgyNSwiaWF0IjoxNzU1MTU1MDI1LCJqdGkiOiI2YWQ2MGQ4YjE3NTI0NGExYWJlYzJjZTQ3ZWMxYzMyYiIsInVzZXJfaWQiOjEyfQ.So7qxgyvLKetFhiFIbZD1rLXg9byQjg-YpXxhKdSVvA",
            "created_at": "2025-08-14T07:03:45.728Z",
            "expires_at": "2025-08-21T07:03:45Z"
        }
    },
    {
        "model": "token_blacklist.outstandingtoken",
        "pk": 93,
        "fields": {
            "user": 12,
            "jti": "28a919157f6f4b71894d07fcedd738aa",
            "token": "eyJhbGciOiJIUzI1NiIsInR5cCI6IkpXVCJ9.eyJ0b2tlbl90eXBlIjoicmVmcmVzaCIsImV4cCI6MTc1NTc2MTc3NiwiaWF0IjoxNzU1MTU2OTc2LCJqdGkiOiIyOGE5MTkxNTdmNmY0YjcxODk0ZDA3ZmNlZGQ3MzhhYSIsInVzZXJfaWQiOjEyfQ.4ZRR3orvMPGfQoWl2Zw16y82luJpluwhNHrLy-BJxTc",
            "created_at": "2025-08-14T07:36:16.931Z",
            "expires_at": "2025-08-21T07:36:16Z"
        }
    },
    {
        "model": "token_blacklist.outstandingtoken",
        "pk": 94,
        "fields": {
            "user": 12,
            "jti": "656718c5dc1d4c95b41f188ffd261f55",
            "token": "eyJhbGciOiJIUzI1NiIsInR5cCI6IkpXVCJ9.eyJ0b2tlbl90eXBlIjoicmVmcmVzaCIsImV4cCI6MTc1NTc3MDg2NiwiaWF0IjoxNzU1MTY2MDY2LCJqdGkiOiI2NTY3MThjNWRjMWQ0Yzk1YjQxZjE4OGZmZDI2MWY1NSIsInVzZXJfaWQiOjEyfQ.Cq3ls93leagad3tNEkfjSCIzqVy0VK68S8KTkLvJ8Wg",
            "created_at": "2025-08-14T10:07:46.627Z",
            "expires_at": "2025-08-21T10:07:46Z"
        }
    },
    {
        "model": "token_blacklist.outstandingtoken",
        "pk": 95,
        "fields": {
            "user": 12,
            "jti": "f3e32cbc8c254d58b2129d58bb765c43",
            "token": "eyJhbGciOiJIUzI1NiIsInR5cCI6IkpXVCJ9.eyJ0b2tlbl90eXBlIjoicmVmcmVzaCIsImV4cCI6MTc1NTc3MTU4MSwiaWF0IjoxNzU1MTY2NzgxLCJqdGkiOiJmM2UzMmNiYzhjMjU0ZDU4YjIxMjlkNThiYjc2NWM0MyIsInVzZXJfaWQiOjEyfQ.eMIT0AfArVdzSiBUM80SZ75AQE5SZrPf_5GYORpXysM",
            "created_at": "2025-08-14T10:19:41.677Z",
            "expires_at": "2025-08-21T10:19:41Z"
        }
    },
    {
        "model": "token_blacklist.outstandingtoken",
        "pk": 96,
        "fields": {
            "user": 31,
            "jti": "1a9687b6a0b04ac1bf591286e6722279",
            "token": "eyJhbGciOiJIUzI1NiIsInR5cCI6IkpXVCJ9.eyJ0b2tlbl90eXBlIjoicmVmcmVzaCIsImV4cCI6MTc1NTc3NDkxNSwiaWF0IjoxNzU1MTcwMTE1LCJqdGkiOiIxYTk2ODdiNmEwYjA0YWMxYmY1OTEyODZlNjcyMjI3OSIsInVzZXJfaWQiOjMxfQ.DmcdDSlaRlkXM04vwQWa3JT4pgmdb5--nozhsYGICZk",
            "created_at": "2025-08-14T11:15:15.318Z",
            "expires_at": "2025-08-21T11:15:15Z"
        }
    },
    {
        "model": "token_blacklist.outstandingtoken",
        "pk": 97,
        "fields": {
            "user": 17,
            "jti": "39ce1d0ab0d94b59af6a4117d64b953f",
            "token": "eyJhbGciOiJIUzI1NiIsInR5cCI6IkpXVCJ9.eyJ0b2tlbl90eXBlIjoicmVmcmVzaCIsImV4cCI6MTc1NTc4MzI3OCwiaWF0IjoxNzU1MTc4NDc4LCJqdGkiOiIzOWNlMWQwYWIwZDk0YjU5YWY2YTQxMTdkNjRiOTUzZiIsInVzZXJfaWQiOjE3fQ._XdDrCngwLnjjRTcRRpvGpcdrJRv93jbwv1fAv-xgOs",
            "created_at": "2025-08-14T13:34:38.470Z",
            "expires_at": "2025-08-21T13:34:38Z"
        }
    },
    {
        "model": "token_blacklist.outstandingtoken",
        "pk": 98,
        "fields": {
            "user": 12,
            "jti": "88b15028e99f4420b2e95df24c8dc6a0",
            "token": "eyJhbGciOiJIUzI1NiIsInR5cCI6IkpXVCJ9.eyJ0b2tlbl90eXBlIjoicmVmcmVzaCIsImV4cCI6MTc1NTc4NTEwNCwiaWF0IjoxNzU1MTgwMzA0LCJqdGkiOiI4OGIxNTAyOGU5OWY0NDIwYjJlOTVkZjI0YzhkYzZhMCIsInVzZXJfaWQiOjEyfQ.cChnLvnOCxit4CiC9fSMCiQSeZ4kG38w6JYgqpZdgFc",
            "created_at": "2025-08-14T14:05:04.071Z",
            "expires_at": "2025-08-21T14:05:04Z"
        }
    },
    {
        "model": "token_blacklist.outstandingtoken",
        "pk": 99,
        "fields": {
            "user": 12,
            "jti": "d3ff1020fd26470da2365729c07a1d01",
            "token": "eyJhbGciOiJIUzI1NiIsInR5cCI6IkpXVCJ9.eyJ0b2tlbl90eXBlIjoicmVmcmVzaCIsImV4cCI6MTc1NTc4NzE5NCwiaWF0IjoxNzU1MTgyMzk0LCJqdGkiOiJkM2ZmMTAyMGZkMjY0NzBkYTIzNjU3MjljMDdhMWQwMSIsInVzZXJfaWQiOjEyfQ.lA9Fzn7hAUWbhrORZnywy3zsuXVvJSGX8MBov7-fvd0",
            "created_at": "2025-08-14T14:39:54.886Z",
            "expires_at": "2025-08-21T14:39:54Z"
        }
    },
    {
        "model": "token_blacklist.outstandingtoken",
        "pk": 100,
        "fields": {
            "user": 12,
            "jti": "ee7cc990666d4b1f8617e125d87f415d",
            "token": "eyJhbGciOiJIUzI1NiIsInR5cCI6IkpXVCJ9.eyJ0b2tlbl90eXBlIjoicmVmcmVzaCIsImV4cCI6MTc1NTc4OTA5OSwiaWF0IjoxNzU1MTg0Mjk5LCJqdGkiOiJlZTdjYzk5MDY2NmQ0YjFmODYxN2UxMjVkODdmNDE1ZCIsInVzZXJfaWQiOjEyfQ.GDM9goD7OjIlViwcek5uAcx_sdfkHw9PWfQOuoUd7Vw",
            "created_at": "2025-08-14T15:11:39.457Z",
            "expires_at": "2025-08-21T15:11:39Z"
        }
    },
    {
        "model": "token_blacklist.outstandingtoken",
        "pk": 101,
        "fields": {
            "user": 12,
            "jti": "2dde3e3b638e463fb357048a0f2320d1",
            "token": "eyJhbGciOiJIUzI1NiIsInR5cCI6IkpXVCJ9.eyJ0b2tlbl90eXBlIjoicmVmcmVzaCIsImV4cCI6MTc1NTgwNTg1OSwiaWF0IjoxNzU1MjAxMDU5LCJqdGkiOiIyZGRlM2UzYjYzOGU0NjNmYjM1NzA0OGEwZjIzMjBkMSIsInVzZXJfaWQiOjEyfQ.01SZgnaiWpO1-Y72nDU3WOeDGu1m8NWpOKiE3MODYIA",
            "created_at": "2025-08-14T19:50:59.995Z",
            "expires_at": "2025-08-21T19:50:59Z"
        }
    },
    {
        "model": "token_blacklist.outstandingtoken",
        "pk": 102,
        "fields": {
            "user": 12,
            "jti": "94c4ab45c8f9434387739df9a6727adc",
            "token": "eyJhbGciOiJIUzI1NiIsInR5cCI6IkpXVCJ9.eyJ0b2tlbl90eXBlIjoicmVmcmVzaCIsImV4cCI6MTc1NTgwOTUzNiwiaWF0IjoxNzU1MjA0NzM2LCJqdGkiOiI5NGM0YWI0NWM4Zjk0MzQzODc3MzlkZjlhNjcyN2FkYyIsInVzZXJfaWQiOjEyfQ.4ZFo8XMhdJaVU550dvxO84ByFgxo2VmVFuI9Hz4BPGE",
            "created_at": "2025-08-14T20:52:16.251Z",
            "expires_at": "2025-08-21T20:52:16Z"
        }
    },
    {
        "model": "token_blacklist.outstandingtoken",
        "pk": 103,
        "fields": {
            "user": 31,
            "jti": "8a64ddf8399343b2b446bb6d2c078fb9",
            "token": "eyJhbGciOiJIUzI1NiIsInR5cCI6IkpXVCJ9.eyJ0b2tlbl90eXBlIjoicmVmcmVzaCIsImV4cCI6MTc1NTgxMDAwMiwiaWF0IjoxNzU1MjA1MjAyLCJqdGkiOiI4YTY0ZGRmODM5OTM0M2IyYjQ0NmJiNmQyYzA3OGZiOSIsInVzZXJfaWQiOjMxfQ.EsQy11YFQLEm7QPtig4Rbk4-xgV-ReE5RPKCv9pNei8",
            "created_at": "2025-08-14T21:00:02.359Z",
            "expires_at": "2025-08-21T21:00:02Z"
        }
    },
    {
        "model": "token_blacklist.outstandingtoken",
        "pk": 104,
        "fields": {
            "user": 31,
            "jti": "d320e03e17b44bccb28b57e170d36122",
            "token": "eyJhbGciOiJIUzI1NiIsInR5cCI6IkpXVCJ9.eyJ0b2tlbl90eXBlIjoicmVmcmVzaCIsImV4cCI6MTc1NTgxMjU2NSwiaWF0IjoxNzU1MjA3NzY1LCJqdGkiOiJkMzIwZTAzZTE3YjQ0YmNjYjI4YjU3ZTE3MGQzNjEyMiIsInVzZXJfaWQiOjMxfQ.pTrabUEfeEpNYZqXGYIWPaUdpTWUrUmOzubxrbsqm9w",
            "created_at": "2025-08-14T21:42:45.128Z",
            "expires_at": "2025-08-21T21:42:45Z"
        }
    },
    {
        "model": "token_blacklist.outstandingtoken",
        "pk": 105,
        "fields": {
            "user": 31,
            "jti": "e8f01b2572464889affd556dfa8d480a",
            "token": "eyJhbGciOiJIUzI1NiIsInR5cCI6IkpXVCJ9.eyJ0b2tlbl90eXBlIjoicmVmcmVzaCIsImV4cCI6MTc1NTgxMzI4MywiaWF0IjoxNzU1MjA4NDgzLCJqdGkiOiJlOGYwMWIyNTcyNDY0ODg5YWZmZDU1NmRmYThkNDgwYSIsInVzZXJfaWQiOjMxfQ.x2NcloULwtYarsm9ZcjcRZ_bXm58_B1zAdm8Kv5bjYs",
            "created_at": "2025-08-14T21:54:43.683Z",
            "expires_at": "2025-08-21T21:54:43Z"
        }
    },
    {
        "model": "token_blacklist.outstandingtoken",
        "pk": 106,
        "fields": {
            "user": 31,
            "jti": "ef7204c217fe4a6791dd0b77faad2129",
            "token": "eyJhbGciOiJIUzI1NiIsInR5cCI6IkpXVCJ9.eyJ0b2tlbl90eXBlIjoicmVmcmVzaCIsImV4cCI6MTc1NTg1MTQxMCwiaWF0IjoxNzU1MjQ2NjEwLCJqdGkiOiJlZjcyMDRjMjE3ZmU0YTY3OTFkZDBiNzdmYWFkMjEyOSIsInVzZXJfaWQiOjMxfQ.GLVM2-NqM1OXrDfA4YjVnXDv3iq85fB3cq9m045DmmY",
            "created_at": "2025-08-15T08:30:10.475Z",
            "expires_at": "2025-08-22T08:30:10Z"
        }
    },
    {
        "model": "token_blacklist.outstandingtoken",
        "pk": 107,
        "fields": {
            "user": 31,
            "jti": "8e2558501a5f48269f6576ed67d3cd67",
            "token": "eyJhbGciOiJIUzI1NiIsInR5cCI6IkpXVCJ9.eyJ0b2tlbl90eXBlIjoicmVmcmVzaCIsImV4cCI6MTc1NTg2NTYzOCwiaWF0IjoxNzU1MjYwODM4LCJqdGkiOiI4ZTI1NTg1MDFhNWY0ODI2OWY2NTc2ZWQ2N2QzY2Q2NyIsInVzZXJfaWQiOjMxfQ.TZyKrwO4u80TAfzPAN1Pbid3ZUZzf5CV03pNNdV5hvE",
            "created_at": "2025-08-15T12:27:18.297Z",
            "expires_at": "2025-08-22T12:27:18Z"
        }
    },
    {
        "model": "token_blacklist.outstandingtoken",
        "pk": 108,
        "fields": {
            "user": 12,
            "jti": "dc0b81d14c9c4ae8bf6ca2fced29b636",
            "token": "eyJhbGciOiJIUzI1NiIsInR5cCI6IkpXVCJ9.eyJ0b2tlbl90eXBlIjoicmVmcmVzaCIsImV4cCI6MTc1NTg2ODk4MCwiaWF0IjoxNzU1MjY0MTgwLCJqdGkiOiJkYzBiODFkMTRjOWM0YWU4YmY2Y2EyZmNlZDI5YjYzNiIsInVzZXJfaWQiOjEyfQ.GEyzBlQRaScPSPzK3jqt64RMPP-B3y7I6cVOfqix0xQ",
            "created_at": "2025-08-15T13:23:00.913Z",
            "expires_at": "2025-08-22T13:23:00Z"
        }
    },
    {
        "model": "token_blacklist.outstandingtoken",
        "pk": 109,
        "fields": {
            "user": 31,
            "jti": "65eeccd8f3474db39e7e3a1704768202",
            "token": "eyJhbGciOiJIUzI1NiIsInR5cCI6IkpXVCJ9.eyJ0b2tlbl90eXBlIjoicmVmcmVzaCIsImV4cCI6MTc1NTg3MDM4NSwiaWF0IjoxNzU1MjY1NTg1LCJqdGkiOiI2NWVlY2NkOGYzNDc0ZGIzOWU3ZTNhMTcwNDc2ODIwMiIsInVzZXJfaWQiOjMxfQ.HESnxBTRGFLHF2bAjl-NCKx8EaBsMpEwcwkwm1brsh4",
            "created_at": "2025-08-15T13:46:25.125Z",
            "expires_at": "2025-08-22T13:46:25Z"
        }
    },
    {
        "model": "token_blacklist.outstandingtoken",
        "pk": 110,
        "fields": {
            "user": 31,
            "jti": "f5181e62ab79477a9d476122a01ae852",
            "token": "eyJhbGciOiJIUzI1NiIsInR5cCI6IkpXVCJ9.eyJ0b2tlbl90eXBlIjoicmVmcmVzaCIsImV4cCI6MTc1NTg3MTMxMywiaWF0IjoxNzU1MjY2NTEzLCJqdGkiOiJmNTE4MWU2MmFiNzk0NzdhOWQ0NzYxMjJhMDFhZTg1MiIsInVzZXJfaWQiOjMxfQ.98GoKVCZ6Ni0vxcxXA-wmKYIfC31etI9vN9irsZhaEE",
            "created_at": "2025-08-15T14:01:53.090Z",
            "expires_at": "2025-08-22T14:01:53Z"
        }
    },
    {
        "model": "token_blacklist.outstandingtoken",
        "pk": 111,
        "fields": {
            "user": 31,
            "jti": "806d36498e0f4ef3967ef69298b3293d",
            "token": "eyJhbGciOiJIUzI1NiIsInR5cCI6IkpXVCJ9.eyJ0b2tlbl90eXBlIjoicmVmcmVzaCIsImV4cCI6MTc1NTg3Nzk3NSwiaWF0IjoxNzU1MjczMTc1LCJqdGkiOiI4MDZkMzY0OThlMGY0ZWYzOTY3ZWY2OTI5OGIzMjkzZCIsInVzZXJfaWQiOjMxfQ.vbCirnLEJPpCx7YCnaHPucBp8ycBltd8z0h9jxv3Rks",
            "created_at": "2025-08-15T15:52:55.412Z",
            "expires_at": "2025-08-22T15:52:55Z"
        }
    },
    {
        "model": "token_blacklist.outstandingtoken",
        "pk": 112,
        "fields": {
            "user": 12,
            "jti": "d2cda8fbc7c14be0a1bce77419acea60",
            "token": "eyJhbGciOiJIUzI1NiIsInR5cCI6IkpXVCJ9.eyJ0b2tlbl90eXBlIjoicmVmcmVzaCIsImV4cCI6MTc1NTk0NjI4MiwiaWF0IjoxNzU1MzQxNDgyLCJqdGkiOiJkMmNkYThmYmM3YzE0YmUwYTFiY2U3NzQxOWFjZWE2MCIsInVzZXJfaWQiOjEyfQ.B0KsPbtTG6dR6G2N01LjFBW1wZakAWKpoKbdmpMLX4g",
            "created_at": "2025-08-16T10:51:22.720Z",
            "expires_at": "2025-08-23T10:51:22Z"
        }
    },
    {
        "model": "token_blacklist.outstandingtoken",
        "pk": 113,
        "fields": {
            "user": 7,
            "jti": "7f9385ddd217441b9d701b5fcc36928e",
            "token": "eyJhbGciOiJIUzI1NiIsInR5cCI6IkpXVCJ9.eyJ0b2tlbl90eXBlIjoicmVmcmVzaCIsImV4cCI6MTc1NTk0OTE2MSwiaWF0IjoxNzU1MzQ0MzYxLCJqdGkiOiI3ZjkzODVkZGQyMTc0NDFiOWQ3MDFiNWZjYzM2OTI4ZSIsInVzZXJfaWQiOjd9.19O9KCJQZcmQi4GXN5NpwBQqJ18j3hBvQNEa6q3ZCqk",
            "created_at": "2025-08-16T11:39:21.774Z",
            "expires_at": "2025-08-23T11:39:21Z"
        }
    },
    {
        "model": "token_blacklist.outstandingtoken",
        "pk": 114,
        "fields": {
            "user": 4,
            "jti": "a94d6e75d809441787d3034332318c6e",
            "token": "eyJhbGciOiJIUzI1NiIsInR5cCI6IkpXVCJ9.eyJ0b2tlbl90eXBlIjoicmVmcmVzaCIsImV4cCI6MTc1NTk0OTQyMywiaWF0IjoxNzU1MzQ0NjIzLCJqdGkiOiJhOTRkNmU3NWQ4MDk0NDE3ODdkMzAzNDMzMjMxOGM2ZSIsInVzZXJfaWQiOjR9._MjKL5hWkTsZAWUzkQYnZYQn9qLpG7_yU5KVn5iZ0Fs",
            "created_at": "2025-08-16T11:43:43.723Z",
            "expires_at": "2025-08-23T11:43:43Z"
        }
    },
    {
        "model": "token_blacklist.outstandingtoken",
        "pk": 115,
        "fields": {
            "user": 4,
            "jti": "e91ffe5adc81441abfb1e9f59f135032",
            "token": "eyJhbGciOiJIUzI1NiIsInR5cCI6IkpXVCJ9.eyJ0b2tlbl90eXBlIjoicmVmcmVzaCIsImV4cCI6MTc1NTk0OTQzOCwiaWF0IjoxNzU1MzQ0NjM4LCJqdGkiOiJlOTFmZmU1YWRjODE0NDFhYmZiMWU5ZjU5ZjEzNTAzMiIsInVzZXJfaWQiOjR9.kbezXBZ9dpufF9-EHnzBXkzDWGAz5HGivjNA6yt0Lww",
            "created_at": "2025-08-16T11:43:58.500Z",
            "expires_at": "2025-08-23T11:43:58Z"
        }
    },
    {
        "model": "token_blacklist.outstandingtoken",
        "pk": 116,
        "fields": {
            "user": 4,
            "jti": "f4c0977f28bb41dba1ad24eb34ac1b34",
            "token": "eyJhbGciOiJIUzI1NiIsInR5cCI6IkpXVCJ9.eyJ0b2tlbl90eXBlIjoicmVmcmVzaCIsImV4cCI6MTc1NTk0OTQ0MSwiaWF0IjoxNzU1MzQ0NjQxLCJqdGkiOiJmNGMwOTc3ZjI4YmI0MWRiYTFhZDI0ZWIzNGFjMWIzNCIsInVzZXJfaWQiOjR9.VeZCU6M68J1IiEw4Gou4mcapDPgPGDyoVa8y0aGKfHE",
            "created_at": "2025-08-16T11:44:01.966Z",
            "expires_at": "2025-08-23T11:44:01Z"
        }
    },
    {
        "model": "token_blacklist.outstandingtoken",
        "pk": 117,
        "fields": {
            "user": 4,
            "jti": "1abb7f23fae24af284c16f0e070e0d14",
            "token": "eyJhbGciOiJIUzI1NiIsInR5cCI6IkpXVCJ9.eyJ0b2tlbl90eXBlIjoicmVmcmVzaCIsImV4cCI6MTc1NTk0OTQ1NSwiaWF0IjoxNzU1MzQ0NjU1LCJqdGkiOiIxYWJiN2YyM2ZhZTI0YWYyODRjMTZmMGUwNzBlMGQxNCIsInVzZXJfaWQiOjR9.3HnJBs_Wubrs_q3Xg9xOPaOsDtc_regNJGwrTqKXc9U",
            "created_at": "2025-08-16T11:44:15.841Z",
            "expires_at": "2025-08-23T11:44:15Z"
        }
    },
    {
        "model": "token_blacklist.outstandingtoken",
        "pk": 118,
        "fields": {
            "user": 12,
            "jti": "f5c38ed580de4c0e9200084f31b7ffda",
            "token": "eyJhbGciOiJIUzI1NiIsInR5cCI6IkpXVCJ9.eyJ0b2tlbl90eXBlIjoicmVmcmVzaCIsImV4cCI6MTc1NTk1MDk3MSwiaWF0IjoxNzU1MzQ2MTcxLCJqdGkiOiJmNWMzOGVkNTgwZGU0YzBlOTIwMDA4NGYzMWI3ZmZkYSIsInVzZXJfaWQiOjEyfQ.fVLDIzAGuy32RPyCKFqW_lKtPN1045lgt6SjYiF4X8M",
            "created_at": "2025-08-16T12:09:31.812Z",
            "expires_at": "2025-08-23T12:09:31Z"
        }
    },
    {
        "model": "token_blacklist.outstandingtoken",
        "pk": 119,
        "fields": {
            "user": 25,
            "jti": "6e67f5297b674e8f9694d128eaee83ef",
            "token": "eyJhbGciOiJIUzI1NiIsInR5cCI6IkpXVCJ9.eyJ0b2tlbl90eXBlIjoicmVmcmVzaCIsImV4cCI6MTc1NTk1NDgxMCwiaWF0IjoxNzU1MzUwMDEwLCJqdGkiOiI2ZTY3ZjUyOTdiNjc0ZThmOTY5NGQxMjhlYWVlODNlZiIsInVzZXJfaWQiOjI1fQ.jojSQTaAwdRz4qxT5xFu6n397IDhe1XKCFKdPln9pqc",
            "created_at": "2025-08-16T13:13:30.109Z",
            "expires_at": "2025-08-23T13:13:30Z"
        }
    },
    {
        "model": "token_blacklist.outstandingtoken",
        "pk": 120,
        "fields": {
            "user": 31,
            "jti": "210a7f330ba040cabb24ec9683b6e7de",
            "token": "eyJhbGciOiJIUzI1NiIsInR5cCI6IkpXVCJ9.eyJ0b2tlbl90eXBlIjoicmVmcmVzaCIsImV4cCI6MTc1NTk1Njc3MiwiaWF0IjoxNzU1MzUxOTcyLCJqdGkiOiIyMTBhN2YzMzBiYTA0MGNhYmIyNGVjOTY4M2I2ZTdkZSIsInVzZXJfaWQiOjMxfQ._SCIoowPi9oD84J5Isxr-5kON7VI6unbvCcf1G95AM0",
            "created_at": "2025-08-16T13:46:12.337Z",
            "expires_at": "2025-08-23T13:46:12Z"
        }
    },
    {
        "model": "token_blacklist.outstandingtoken",
        "pk": 121,
        "fields": {
            "user": 12,
            "jti": "dd1c82ee40b34e7298183857b9a042b9",
            "token": "eyJhbGciOiJIUzI1NiIsInR5cCI6IkpXVCJ9.eyJ0b2tlbl90eXBlIjoicmVmcmVzaCIsImV4cCI6MTc1NTk2ODQ1MywiaWF0IjoxNzU1MzYzNjUzLCJqdGkiOiJkZDFjODJlZTQwYjM0ZTcyOTgxODM4NTdiOWEwNDJiOSIsInVzZXJfaWQiOjEyfQ.DCEjLuyHZfv_OZWjwtNAKKL01JwwiBz-m5wjwG5WHEY",
            "created_at": "2025-08-16T17:00:53.066Z",
            "expires_at": "2025-08-23T17:00:53Z"
        }
    },
    {
        "model": "token_blacklist.outstandingtoken",
        "pk": 122,
        "fields": {
            "user": 12,
            "jti": "02fd520c772540d5b7a7c2486d2cbe70",
            "token": "eyJhbGciOiJIUzI1NiIsInR5cCI6IkpXVCJ9.eyJ0b2tlbl90eXBlIjoicmVmcmVzaCIsImV4cCI6MTc1NTk3MzA2MSwiaWF0IjoxNzU1MzY4MjYxLCJqdGkiOiIwMmZkNTIwYzc3MjU0MGQ1YjdhN2MyNDg2ZDJjYmU3MCIsInVzZXJfaWQiOjEyfQ.1xMVvd_ZYsY-z3ggqV_eRUYGMMfXVubN5w48GYxFH_c",
            "created_at": "2025-08-16T18:17:41.592Z",
            "expires_at": "2025-08-23T18:17:41Z"
        }
    },
    {
        "model": "token_blacklist.outstandingtoken",
        "pk": 123,
        "fields": {
            "user": 4,
            "jti": "a232a772a88141d6aea52fd2df308b7d",
            "token": "eyJhbGciOiJIUzI1NiIsInR5cCI6IkpXVCJ9.eyJ0b2tlbl90eXBlIjoicmVmcmVzaCIsImV4cCI6MTc1NTk3NDYyNywiaWF0IjoxNzU1MzY5ODI3LCJqdGkiOiJhMjMyYTc3MmE4ODE0MWQ2YWVhNTJmZDJkZjMwOGI3ZCIsInVzZXJfaWQiOjR9.e9lPNo5Md24l-yYhnQXlxQCeIqr6fTlIez-bcm67z1Y",
            "created_at": "2025-08-16T18:43:47.183Z",
            "expires_at": "2025-08-23T18:43:47Z"
        }
    },
    {
        "model": "token_blacklist.outstandingtoken",
        "pk": 124,
        "fields": {
            "user": 31,
            "jti": "7848fb83091240bdb447e31f8b2cabe1",
            "token": "eyJhbGciOiJIUzI1NiIsInR5cCI6IkpXVCJ9.eyJ0b2tlbl90eXBlIjoicmVmcmVzaCIsImV4cCI6MTc1NTk3ODQzNiwiaWF0IjoxNzU1MzczNjM2LCJqdGkiOiI3ODQ4ZmI4MzA5MTI0MGJkYjQ0N2UzMWY4YjJjYWJlMSIsInVzZXJfaWQiOjMxfQ.BM_iuUbvacV3bXRKPZ0pnkx5abNUQ7HWGjoqvd8d_GM",
            "created_at": "2025-08-16T19:47:16.081Z",
            "expires_at": "2025-08-23T19:47:16Z"
        }
    },
    {
        "model": "token_blacklist.outstandingtoken",
        "pk": 125,
        "fields": {
            "user": 31,
            "jti": "8cd25c01ff1646cebe79c4f6d898a114",
            "token": "eyJhbGciOiJIUzI1NiIsInR5cCI6IkpXVCJ9.eyJ0b2tlbl90eXBlIjoicmVmcmVzaCIsImV4cCI6MTc1NjAyMDI4MiwiaWF0IjoxNzU1NDE1NDgyLCJqdGkiOiI4Y2QyNWMwMWZmMTY0NmNlYmU3OWM0ZjZkODk4YTExNCIsInVzZXJfaWQiOjMxfQ.5YHMjw4rd07BeT9f0j0sZMTDixse1vMwEhyEr_7p6_c",
            "created_at": "2025-08-17T07:24:42.069Z",
            "expires_at": "2025-08-24T07:24:42Z"
        }
    },
    {
        "model": "token_blacklist.outstandingtoken",
        "pk": 126,
        "fields": {
            "user": 31,
            "jti": "676c33d9335a498f8a7e8f296c40a746",
            "token": "eyJhbGciOiJIUzI1NiIsInR5cCI6IkpXVCJ9.eyJ0b2tlbl90eXBlIjoicmVmcmVzaCIsImV4cCI6MTc1NjAyNTg4MywiaWF0IjoxNzU1NDIxMDgzLCJqdGkiOiI2NzZjMzNkOTMzNWE0OThmOGE3ZThmMjk2YzQwYTc0NiIsInVzZXJfaWQiOjMxfQ.pnXz1UtBFnoS7r-qNrVl_E4KbuHQ9WKatuSRWd2SyTk",
            "created_at": "2025-08-17T08:58:03.472Z",
            "expires_at": "2025-08-24T08:58:03Z"
        }
    },
    {
        "model": "token_blacklist.outstandingtoken",
        "pk": 127,
        "fields": {
            "user": 31,
            "jti": "2cb4bad5115f463a9a46c173da2b9f36",
            "token": "eyJhbGciOiJIUzI1NiIsInR5cCI6IkpXVCJ9.eyJ0b2tlbl90eXBlIjoicmVmcmVzaCIsImV4cCI6MTc1NjAyOTM1NiwiaWF0IjoxNzU1NDI0NTU2LCJqdGkiOiIyY2I0YmFkNTExNWY0NjNhOWE0NmMxNzNkYTJiOWYzNiIsInVzZXJfaWQiOjMxfQ.g4KUvBYFEzmAihVEAZr4_77otBQ6lG_DXMh1qVc96PA",
            "created_at": "2025-08-17T09:55:56.018Z",
            "expires_at": "2025-08-24T09:55:56Z"
        }
    },
    {
        "model": "token_blacklist.outstandingtoken",
        "pk": 128,
        "fields": {
            "user": 12,
            "jti": "7e84f6afe557457e9e3fb619680d2e66",
            "token": "eyJhbGciOiJIUzI1NiIsInR5cCI6IkpXVCJ9.eyJ0b2tlbl90eXBlIjoicmVmcmVzaCIsImV4cCI6MTc1NjAyOTUxMywiaWF0IjoxNzU1NDI0NzEzLCJqdGkiOiI3ZTg0ZjZhZmU1NTc0NTdlOWUzZmI2MTk2ODBkMmU2NiIsInVzZXJfaWQiOjEyfQ.6x2GwufAhf2dPzx4bv3ZET6Xh2x_v1jGwV-8i3xRhFQ",
            "created_at": "2025-08-17T09:58:33.697Z",
            "expires_at": "2025-08-24T09:58:33Z"
        }
    },
    {
        "model": "token_blacklist.outstandingtoken",
        "pk": 129,
        "fields": {
            "user": 12,
            "jti": "c391924575474458ad945703f5d2862d",
            "token": "eyJhbGciOiJIUzI1NiIsInR5cCI6IkpXVCJ9.eyJ0b2tlbl90eXBlIjoicmVmcmVzaCIsImV4cCI6MTc1NjAzOTI0MSwiaWF0IjoxNzU1NDM0NDQxLCJqdGkiOiJjMzkxOTI0NTc1NDc0NDU4YWQ5NDU3MDNmNWQyODYyZCIsInVzZXJfaWQiOjEyfQ.g3GsYmgPPxzDy0P8BHhuma-lxX6wQdXi2uZUG_smeD8",
            "created_at": "2025-08-17T12:40:41.845Z",
            "expires_at": "2025-08-24T12:40:41Z"
        }
    },
    {
        "model": "token_blacklist.outstandingtoken",
        "pk": 130,
        "fields": {
            "user": 31,
            "jti": "35637a68a45b4c7bab369df30d84d30a",
            "token": "eyJhbGciOiJIUzI1NiIsInR5cCI6IkpXVCJ9.eyJ0b2tlbl90eXBlIjoicmVmcmVzaCIsImV4cCI6MTc1NjA0MDQ5NiwiaWF0IjoxNzU1NDM1Njk2LCJqdGkiOiIzNTYzN2E2OGE0NWI0YzdiYWIzNjlkZjMwZDg0ZDMwYSIsInVzZXJfaWQiOjMxfQ.atKeaGZop4qb2tv2OrJF_hwJmstjjMLoLnYKZWTCxf8",
            "created_at": "2025-08-17T13:01:36.965Z",
            "expires_at": "2025-08-24T13:01:36Z"
        }
    },
    {
        "model": "token_blacklist.outstandingtoken",
        "pk": 131,
        "fields": {
            "user": 31,
            "jti": "6b5953f0a71348d8980cf139af1cfb23",
            "token": "eyJhbGciOiJIUzI1NiIsInR5cCI6IkpXVCJ9.eyJ0b2tlbl90eXBlIjoicmVmcmVzaCIsImV4cCI6MTc1NjA0MzAzMywiaWF0IjoxNzU1NDM4MjMzLCJqdGkiOiI2YjU5NTNmMGE3MTM0OGQ4OTgwY2YxMzlhZjFjZmIyMyIsInVzZXJfaWQiOjMxfQ.ginOlVn56DeZHVt7s360KqBPhuQMUilXjyxKzJe5RlY",
            "created_at": "2025-08-17T13:43:53.747Z",
            "expires_at": "2025-08-24T13:43:53Z"
        }
    },
    {
        "model": "token_blacklist.outstandingtoken",
        "pk": 132,
        "fields": {
            "user": 12,
            "jti": "8d4a09acbf3b459a9afaa6318fd65b8b",
            "token": "eyJhbGciOiJIUzI1NiIsInR5cCI6IkpXVCJ9.eyJ0b2tlbl90eXBlIjoicmVmcmVzaCIsImV4cCI6MTc1NjA0MzM1MiwiaWF0IjoxNzU1NDM4NTUyLCJqdGkiOiI4ZDRhMDlhY2JmM2I0NTlhOWFmYWE2MzE4ZmQ2NWI4YiIsInVzZXJfaWQiOjEyfQ.O2alOQfJ4ue6k6lclbILpQU2b2BzMIUz4gE2ybgje8Y",
            "created_at": "2025-08-17T13:49:12.948Z",
            "expires_at": "2025-08-24T13:49:12Z"
        }
    },
    {
        "model": "token_blacklist.outstandingtoken",
        "pk": 133,
        "fields": {
            "user": 12,
            "jti": "18e3eafe8be542eb899aff2af3b8e5f3",
            "token": "eyJhbGciOiJIUzI1NiIsInR5cCI6IkpXVCJ9.eyJ0b2tlbl90eXBlIjoicmVmcmVzaCIsImV4cCI6MTc1NjEwNzMyOSwiaWF0IjoxNzU1NTAyNTI5LCJqdGkiOiIxOGUzZWFmZThiZTU0MmViODk5YWZmMmFmM2I4ZTVmMyIsInVzZXJfaWQiOjEyfQ.SnVADm8QC0vKa89RhMMeMEMAbrFsuMI-q1R18-HG5v0",
            "created_at": "2025-08-18T07:35:29.420Z",
            "expires_at": "2025-08-25T07:35:29Z"
        }
    },
    {
        "model": "token_blacklist.outstandingtoken",
        "pk": 134,
        "fields": {
            "user": 12,
            "jti": "279b837bf7234e43aabeb833984dfc2d",
            "token": "eyJhbGciOiJIUzI1NiIsInR5cCI6IkpXVCJ9.eyJ0b2tlbl90eXBlIjoicmVmcmVzaCIsImV4cCI6MTc1NjEwOTEyNywiaWF0IjoxNzU1NTA0MzI3LCJqdGkiOiIyNzliODM3YmY3MjM0ZTQzYWFiZWI4MzM5ODRkZmMyZCIsInVzZXJfaWQiOjEyfQ.5EYYmvAO-UKQV_C_qjToXEglrQ_C87HdJEs67uoqYxA",
            "created_at": "2025-08-18T08:05:27.764Z",
            "expires_at": "2025-08-25T08:05:27Z"
        }
    },
    {
        "model": "token_blacklist.outstandingtoken",
        "pk": 135,
        "fields": {
            "user": 26,
            "jti": "009a0f90b1a644e3b9eb0540f867af47",
            "token": "eyJhbGciOiJIUzI1NiIsInR5cCI6IkpXVCJ9.eyJ0b2tlbl90eXBlIjoicmVmcmVzaCIsImV4cCI6MTc1NjEwOTQ5MSwiaWF0IjoxNzU1NTA0NjkxLCJqdGkiOiIwMDlhMGY5MGIxYTY0NGUzYjllYjA1NDBmODY3YWY0NyIsInVzZXJfaWQiOjI2fQ.rVPdDzHeORvGf0IxH3yooxmMLdvzQBqI9bomuZFgl-A",
            "created_at": "2025-08-18T08:11:31.459Z",
            "expires_at": "2025-08-25T08:11:31Z"
        }
    },
    {
        "model": "token_blacklist.outstandingtoken",
        "pk": 136,
        "fields": {
            "user": 4,
            "jti": "0c64661fc8d546feb1ac71e4cef575ef",
            "token": "eyJhbGciOiJIUzI1NiIsInR5cCI6IkpXVCJ9.eyJ0b2tlbl90eXBlIjoicmVmcmVzaCIsImV4cCI6MTc1NjExMDU5MywiaWF0IjoxNzU1NTA1NzkzLCJqdGkiOiIwYzY0NjYxZmM4ZDU0NmZlYjFhYzcxZTRjZWY1NzVlZiIsInVzZXJfaWQiOjR9.do78Aq2_X_6kzyP5IvvIdEBnPcJxH0kwM6qtJc4JqTY",
            "created_at": "2025-08-18T08:29:53.692Z",
            "expires_at": "2025-08-25T08:29:53Z"
        }
    },
    {
        "model": "token_blacklist.outstandingtoken",
        "pk": 137,
        "fields": {
            "user": 12,
            "jti": "03ca9a3f3b4f49c88900590f77614d37",
            "token": "eyJhbGciOiJIUzI1NiIsInR5cCI6IkpXVCJ9.eyJ0b2tlbl90eXBlIjoicmVmcmVzaCIsImV4cCI6MTc1NjExMDYyNywiaWF0IjoxNzU1NTA1ODI3LCJqdGkiOiIwM2NhOWEzZjNiNGY0OWM4ODkwMDU5MGY3NzYxNGQzNyIsInVzZXJfaWQiOjEyfQ.EgVftMl-SA6s4rZTLUADHeXkvjrmO76DLQqKM3owcBU",
            "created_at": "2025-08-18T08:30:27.551Z",
            "expires_at": "2025-08-25T08:30:27Z"
        }
    },
    {
        "model": "token_blacklist.outstandingtoken",
        "pk": 138,
        "fields": {
            "user": 26,
            "jti": "0d0d419f1f744654bb6b109e8644871b",
            "token": "eyJhbGciOiJIUzI1NiIsInR5cCI6IkpXVCJ9.eyJ0b2tlbl90eXBlIjoicmVmcmVzaCIsImV4cCI6MTc1NjExMTEwOCwiaWF0IjoxNzU1NTA2MzA4LCJqdGkiOiIwZDBkNDE5ZjFmNzQ0NjU0YmI2YjEwOWU4NjQ0ODcxYiIsInVzZXJfaWQiOjI2fQ.OXREYG_yqNSmhrauHcW4ittczRHgQ1-WgTas9Idweyo",
            "created_at": "2025-08-18T08:38:28.656Z",
            "expires_at": "2025-08-25T08:38:28Z"
        }
    },
    {
        "model": "token_blacklist.outstandingtoken",
        "pk": 139,
        "fields": {
            "user": 26,
            "jti": "204ad54e6c8746fba1bee577030f0832",
            "token": "eyJhbGciOiJIUzI1NiIsInR5cCI6IkpXVCJ9.eyJ0b2tlbl90eXBlIjoicmVmcmVzaCIsImV4cCI6MTc1NjExMjQ1NSwiaWF0IjoxNzU1NTA3NjU1LCJqdGkiOiIyMDRhZDU0ZTZjODc0NmZiYTFiZWU1NzcwMzBmMDgzMiIsInVzZXJfaWQiOjI2fQ.fDAwjOiFEk0r-AgKMGeHmRfI1qsXnw6QOMHqWhRkHJ4",
            "created_at": "2025-08-18T09:00:55.526Z",
            "expires_at": "2025-08-25T09:00:55Z"
        }
    },
    {
        "model": "token_blacklist.outstandingtoken",
        "pk": 140,
        "fields": {
            "user": 26,
            "jti": "0c62aee3ab76422ca4b86907ff9f94a5",
            "token": "eyJhbGciOiJIUzI1NiIsInR5cCI6IkpXVCJ9.eyJ0b2tlbl90eXBlIjoicmVmcmVzaCIsImV4cCI6MTc1NjExMjY3OCwiaWF0IjoxNzU1NTA3ODc4LCJqdGkiOiIwYzYyYWVlM2FiNzY0MjJjYTRiODY5MDdmZjlmOTRhNSIsInVzZXJfaWQiOjI2fQ.fm3bgc9hrOqyV6-lL-x5ebIcYj1JUmZK5Kt0nqV-Luo",
            "created_at": "2025-08-18T09:04:38.536Z",
            "expires_at": "2025-08-25T09:04:38Z"
        }
    },
    {
        "model": "token_blacklist.outstandingtoken",
        "pk": 141,
        "fields": {
            "user": 2,
            "jti": "8a50d4fe40c344e3b1848234341409d5",
            "token": "eyJhbGciOiJIUzI1NiIsInR5cCI6IkpXVCJ9.eyJ0b2tlbl90eXBlIjoicmVmcmVzaCIsImV4cCI6MTc1NjExMjUzOCwiaWF0IjoxNzU1NTA3NzM4LCJqdGkiOiI4YTUwZDRmZTQwYzM0NGUzYjE4NDgyMzQzNDE0MDlkNSIsInVzZXJfaWQiOjJ9.ydYAE_Xoa2ebtVyyBji1ogI60uvlX2YJR09cy-PP3C0",
            "created_at": "2025-08-18T09:11:33.774Z",
            "expires_at": "2025-08-25T09:02:18Z"
        }
    },
    {
        "model": "token_blacklist.outstandingtoken",
        "pk": 142,
        "fields": {
            "user": 26,
            "jti": "5d212b891b254e0abe4508b7b0c83e67",
            "token": "eyJhbGciOiJIUzI1NiIsInR5cCI6IkpXVCJ9.eyJ0b2tlbl90eXBlIjoicmVmcmVzaCIsImV4cCI6MTc1NjExMzExMywiaWF0IjoxNzU1NTA4MzEzLCJqdGkiOiI1ZDIxMmI4OTFiMjU0ZTBhYmU0NTA4YjdiMGM4M2U2NyIsInVzZXJfaWQiOjI2fQ.GnOeq_R1YX1-yytRAFLrnl6IdVvwsaiJFDPJkm39isk",
            "created_at": "2025-08-18T09:11:53.775Z",
            "expires_at": "2025-08-25T09:11:53Z"
        }
    },
    {
        "model": "token_blacklist.outstandingtoken",
        "pk": 143,
        "fields": {
            "user": 12,
            "jti": "4d8a6f0039d04905b4cfe0d9c7363994",
            "token": "eyJhbGciOiJIUzI1NiIsInR5cCI6IkpXVCJ9.eyJ0b2tlbl90eXBlIjoicmVmcmVzaCIsImV4cCI6MTc1NjExNTQ2OCwiaWF0IjoxNzU1NTEwNjY4LCJqdGkiOiI0ZDhhNmYwMDM5ZDA0OTA1YjRjZmUwZDljNzM2Mzk5NCIsInVzZXJfaWQiOjEyfQ.3dye_QWEpzuHl-G21nFT-zqc2Ef_EleT4hbQJVOk3nY",
            "created_at": "2025-08-18T09:51:08.324Z",
            "expires_at": "2025-08-25T09:51:08Z"
        }
    },
    {
        "model": "token_blacklist.outstandingtoken",
        "pk": 144,
        "fields": {
            "user": 26,
            "jti": "03d7128027d249a4b58c458e8605f9cc",
            "token": "eyJhbGciOiJIUzI1NiIsInR5cCI6IkpXVCJ9.eyJ0b2tlbl90eXBlIjoicmVmcmVzaCIsImV4cCI6MTc1NjExNTUwOSwiaWF0IjoxNzU1NTEwNzA5LCJqdGkiOiIwM2Q3MTI4MDI3ZDI0OWE0YjU4YzQ1OGU4NjA1ZjljYyIsInVzZXJfaWQiOjI2fQ.2NA1Cr-IaeeyANc5_rZbMcUHPzcJ4BXGiwgCD73WlAA",
            "created_at": "2025-08-18T09:51:49.574Z",
            "expires_at": "2025-08-25T09:51:49Z"
        }
    },
    {
        "model": "token_blacklist.outstandingtoken",
        "pk": 145,
        "fields": {
            "user": 26,
            "jti": "e749b11a4b7d4fc796f5c187d4fb62cb",
            "token": "eyJhbGciOiJIUzI1NiIsInR5cCI6IkpXVCJ9.eyJ0b2tlbl90eXBlIjoicmVmcmVzaCIsImV4cCI6MTc1NjEyMDM3MCwiaWF0IjoxNzU1NTE1NTcwLCJqdGkiOiJlNzQ5YjExYTRiN2Q0ZmM3OTZmNWMxODdkNGZiNjJjYiIsInVzZXJfaWQiOjI2fQ.OqaLJ0-dvQB_4DOJbhJ9o-ymGPpcTp2dJ9F3VaxYh2E",
            "created_at": "2025-08-18T11:12:50.186Z",
            "expires_at": "2025-08-25T11:12:50Z"
        }
    },
    {
        "model": "token_blacklist.outstandingtoken",
        "pk": 146,
        "fields": {
            "user": 26,
            "jti": "3c926c2491b84e378d8590ff7e5bcd69",
            "token": "eyJhbGciOiJIUzI1NiIsInR5cCI6IkpXVCJ9.eyJ0b2tlbl90eXBlIjoicmVmcmVzaCIsImV4cCI6MTc1NjEyMDU1NSwiaWF0IjoxNzU1NTE1NzU1LCJqdGkiOiIzYzkyNmMyNDkxYjg0ZTM3OGQ4NTkwZmY3ZTViY2Q2OSIsInVzZXJfaWQiOjI2fQ.2w6f23CfNCtJB0C123LEDeUBtFpKhvnma8U7Bu0Ielw",
            "created_at": "2025-08-18T11:15:55.051Z",
            "expires_at": "2025-08-25T11:15:55Z"
        }
    },
    {
        "model": "token_blacklist.outstandingtoken",
        "pk": 147,
        "fields": {
            "user": 26,
            "jti": "66fda75f50034f76b4dbd8e506339c9b",
            "token": "eyJhbGciOiJIUzI1NiIsInR5cCI6IkpXVCJ9.eyJ0b2tlbl90eXBlIjoicmVmcmVzaCIsImV4cCI6MTc1NjEyMDgwOSwiaWF0IjoxNzU1NTE2MDA5LCJqdGkiOiI2NmZkYTc1ZjUwMDM0Zjc2YjRkYmQ4ZTUwNjMzOWM5YiIsInVzZXJfaWQiOjI2fQ.H7i05da6BzDnEYoDi_TCCx3ThgwcjTfiTYTpLVfUFnk",
            "created_at": "2025-08-18T11:20:09.813Z",
            "expires_at": "2025-08-25T11:20:09Z"
        }
    },
    {
        "model": "token_blacklist.outstandingtoken",
        "pk": 148,
        "fields": {
            "user": 26,
            "jti": "c5d07c3e093541cc9c91b60aadfaab7f",
            "token": "eyJhbGciOiJIUzI1NiIsInR5cCI6IkpXVCJ9.eyJ0b2tlbl90eXBlIjoicmVmcmVzaCIsImV4cCI6MTc1NjEyMTM0MCwiaWF0IjoxNzU1NTE2NTQwLCJqdGkiOiJjNWQwN2MzZTA5MzU0MWNjOWM5MWI2MGFhZGZhYWI3ZiIsInVzZXJfaWQiOjI2fQ.Rn1sKjW9it0CRQH1fW0WjyTovHbSIyU-l2B8VdqUVdY",
            "created_at": "2025-08-18T11:29:00.271Z",
            "expires_at": "2025-08-25T11:29:00Z"
        }
    },
    {
        "model": "token_blacklist.outstandingtoken",
        "pk": 149,
        "fields": {
            "user": 26,
            "jti": "a886e747eb2a441bb6a47e9648b708f4",
            "token": "eyJhbGciOiJIUzI1NiIsInR5cCI6IkpXVCJ9.eyJ0b2tlbl90eXBlIjoicmVmcmVzaCIsImV4cCI6MTc1NjEyMTUzNSwiaWF0IjoxNzU1NTE2NzM1LCJqdGkiOiJhODg2ZTc0N2ViMmE0NDFiYjZhNDdlOTY0OGI3MDhmNCIsInVzZXJfaWQiOjI2fQ.NgneG1TA3FlUb7Znw5wqF3AWrpfEPtXBl7JJIQPGu7g",
            "created_at": "2025-08-18T11:32:15.477Z",
            "expires_at": "2025-08-25T11:32:15Z"
        }
    },
    {
        "model": "token_blacklist.outstandingtoken",
        "pk": 150,
        "fields": {
            "user": 26,
            "jti": "43e2aa3a49e540acb1022908811837ee",
            "token": "eyJhbGciOiJIUzI1NiIsInR5cCI6IkpXVCJ9.eyJ0b2tlbl90eXBlIjoicmVmcmVzaCIsImV4cCI6MTc1NjEyMTg2MSwiaWF0IjoxNzU1NTE3MDYxLCJqdGkiOiI0M2UyYWEzYTQ5ZTU0MGFjYjEwMjI5MDg4MTE4MzdlZSIsInVzZXJfaWQiOjI2fQ.0g9NHB2dDHYJRzVyC2MBPuSOLaS-Os7K1zCSGaGuxmw",
            "created_at": "2025-08-18T11:37:41.563Z",
            "expires_at": "2025-08-25T11:37:41Z"
        }
    },
    {
        "model": "token_blacklist.outstandingtoken",
        "pk": 151,
        "fields": {
            "user": 4,
            "jti": "f7e3701382a44743a2722237db598e69",
            "token": "eyJhbGciOiJIUzI1NiIsInR5cCI6IkpXVCJ9.eyJ0b2tlbl90eXBlIjoicmVmcmVzaCIsImV4cCI6MTc1NjEyMjA3NSwiaWF0IjoxNzU1NTE3Mjc1LCJqdGkiOiJmN2UzNzAxMzgyYTQ0NzQzYTI3MjIyMzdkYjU5OGU2OSIsInVzZXJfaWQiOjR9.a8TaYsqpvM87IE9p14GyOpL6okmJL0NySPRl_UWwwvE",
            "created_at": "2025-08-18T11:41:15.516Z",
            "expires_at": "2025-08-25T11:41:15Z"
        }
    },
    {
        "model": "token_blacklist.outstandingtoken",
        "pk": 152,
        "fields": {
            "user": 26,
            "jti": "efe7904c24124dba898a02dccd993398",
            "token": "eyJhbGciOiJIUzI1NiIsInR5cCI6IkpXVCJ9.eyJ0b2tlbl90eXBlIjoicmVmcmVzaCIsImV4cCI6MTc1NjEyMjE4MCwiaWF0IjoxNzU1NTE3MzgwLCJqdGkiOiJlZmU3OTA0YzI0MTI0ZGJhODk4YTAyZGNjZDk5MzM5OCIsInVzZXJfaWQiOjI2fQ.zD92FBR4iiuxyhaIfjT_a1mZ-KzmQgRdeCdz-FkkZzw",
            "created_at": "2025-08-18T11:43:00.493Z",
            "expires_at": "2025-08-25T11:43:00Z"
        }
    },
    {
        "model": "token_blacklist.outstandingtoken",
        "pk": 153,
        "fields": {
            "user": 26,
            "jti": "87b3db19008d40a79e9e99b5544d199c",
            "token": "eyJhbGciOiJIUzI1NiIsInR5cCI6IkpXVCJ9.eyJ0b2tlbl90eXBlIjoicmVmcmVzaCIsImV4cCI6MTc1NjEyMjY0NCwiaWF0IjoxNzU1NTE3ODQ0LCJqdGkiOiI4N2IzZGIxOTAwOGQ0MGE3OWU5ZTk5YjU1NDRkMTk5YyIsInVzZXJfaWQiOjI2fQ.BFtEV0XI43YjJkazrmAbN8pULxu7GMJy5xeA4gV4_4w",
            "created_at": "2025-08-18T11:50:44.249Z",
            "expires_at": "2025-08-25T11:50:44Z"
        }
    },
    {
        "model": "token_blacklist.outstandingtoken",
        "pk": 154,
        "fields": {
            "user": 26,
            "jti": "e8a9c8bdfbba47a884a4e8b3d4bf51ea",
            "token": "eyJhbGciOiJIUzI1NiIsInR5cCI6IkpXVCJ9.eyJ0b2tlbl90eXBlIjoicmVmcmVzaCIsImV4cCI6MTc1NjEyMjY2NywiaWF0IjoxNzU1NTE3ODY3LCJqdGkiOiJlOGE5YzhiZGZiYmE0N2E4ODRhNGU4YjNkNGJmNTFlYSIsInVzZXJfaWQiOjI2fQ.7H33NtHaYVjZamhVBPObXaBmjlJgRhUBnRwcXE0sZj4",
            "created_at": "2025-08-18T11:51:07.706Z",
            "expires_at": "2025-08-25T11:51:07Z"
        }
    },
    {
        "model": "token_blacklist.outstandingtoken",
        "pk": 155,
        "fields": {
            "user": 26,
            "jti": "e84de1d8ed20499cb9884bbcdab3df64",
            "token": "eyJhbGciOiJIUzI1NiIsInR5cCI6IkpXVCJ9.eyJ0b2tlbl90eXBlIjoicmVmcmVzaCIsImV4cCI6MTc1NjEyMjkxOCwiaWF0IjoxNzU1NTE4MTE4LCJqdGkiOiJlODRkZTFkOGVkMjA0OTljYjk4ODRiYmNkYWIzZGY2NCIsInVzZXJfaWQiOjI2fQ.uC7NCe2_ehjN-lRKkAlDIDYAQS2XCu5lBjobgRU6Qto",
            "created_at": "2025-08-18T11:55:18.747Z",
            "expires_at": "2025-08-25T11:55:18Z"
        }
    },
    {
        "model": "token_blacklist.outstandingtoken",
        "pk": 156,
        "fields": {
            "user": 26,
            "jti": "fc999f89f5cc40a49ebb04c5f56a693b",
            "token": "eyJhbGciOiJIUzI1NiIsInR5cCI6IkpXVCJ9.eyJ0b2tlbl90eXBlIjoicmVmcmVzaCIsImV4cCI6MTc1NjEyMzI4NSwiaWF0IjoxNzU1NTE4NDg1LCJqdGkiOiJmYzk5OWY4OWY1Y2M0MGE0OWViYjA0YzVmNTZhNjkzYiIsInVzZXJfaWQiOjI2fQ.Wf7uzp8dDZDXmgXZXz2i-KYfMPoeEGcxty10ZMVLKNA",
            "created_at": "2025-08-18T12:01:25.131Z",
            "expires_at": "2025-08-25T12:01:25Z"
        }
    },
    {
        "model": "token_blacklist.outstandingtoken",
        "pk": 157,
        "fields": {
            "user": 4,
            "jti": "06fbc0689a754775aded6229ae1ad9f0",
            "token": "eyJhbGciOiJIUzI1NiIsInR5cCI6IkpXVCJ9.eyJ0b2tlbl90eXBlIjoicmVmcmVzaCIsImV4cCI6MTc1NjEyMzYwNSwiaWF0IjoxNzU1NTE4ODA1LCJqdGkiOiIwNmZiYzA2ODlhNzU0Nzc1YWRlZDYyMjlhZTFhZDlmMCIsInVzZXJfaWQiOjR9.f7hXYSnelN_cr_Xpais5tWEqFq7pZRU1WoLJe26GzEY",
            "created_at": "2025-08-18T12:06:45.080Z",
            "expires_at": "2025-08-25T12:06:45Z"
        }
    },
    {
        "model": "token_blacklist.outstandingtoken",
        "pk": 158,
        "fields": {
            "user": 26,
            "jti": "d259012ee4f54133a83c870666a6d986",
            "token": "eyJhbGciOiJIUzI1NiIsInR5cCI6IkpXVCJ9.eyJ0b2tlbl90eXBlIjoicmVmcmVzaCIsImV4cCI6MTc1NjEyNDU1MiwiaWF0IjoxNzU1NTE5NzUyLCJqdGkiOiJkMjU5MDEyZWU0ZjU0MTMzYTgzYzg3MDY2NmE2ZDk4NiIsInVzZXJfaWQiOjI2fQ.zCrlEirmhL5p4ivQlizxQLAfBb_nJpeZjjXfgKYtkks",
            "created_at": "2025-08-18T12:22:32.994Z",
            "expires_at": "2025-08-25T12:22:32Z"
        }
    },
    {
        "model": "token_blacklist.outstandingtoken",
        "pk": 159,
        "fields": {
            "user": 12,
            "jti": "ef37a9c7e2494356bd9c76fbe74c947b",
            "token": "eyJhbGciOiJIUzI1NiIsInR5cCI6IkpXVCJ9.eyJ0b2tlbl90eXBlIjoicmVmcmVzaCIsImV4cCI6MTc1NjEyNTIzNCwiaWF0IjoxNzU1NTIwNDM0LCJqdGkiOiJlZjM3YTljN2UyNDk0MzU2YmQ5Yzc2ZmJlNzRjOTQ3YiIsInVzZXJfaWQiOjEyfQ.R1SYkce6gICqiTwJYtNjJGsi9AUwrqI4Sn7GeRSQeZc",
            "created_at": "2025-08-18T12:33:54.463Z",
            "expires_at": "2025-08-25T12:33:54Z"
        }
    },
    {
        "model": "token_blacklist.outstandingtoken",
        "pk": 160,
        "fields": {
            "user": 17,
            "jti": "a160b644473f43209369cd9971067b87",
            "token": "eyJhbGciOiJIUzI1NiIsInR5cCI6IkpXVCJ9.eyJ0b2tlbl90eXBlIjoicmVmcmVzaCIsImV4cCI6MTc1NjEyNjk2NiwiaWF0IjoxNzU1NTIyMTY2LCJqdGkiOiJhMTYwYjY0NDQ3M2Y0MzIwOTM2OWNkOTk3MTA2N2I4NyIsInVzZXJfaWQiOjE3fQ._zTQ3cHhmoUjgubl38-6BzG7mD4u6ZtXocdInI3BwWY",
            "created_at": "2025-08-18T13:02:46.298Z",
            "expires_at": "2025-08-25T13:02:46Z"
        }
    },
    {
        "model": "token_blacklist.outstandingtoken",
        "pk": 161,
        "fields": {
            "user": 17,
            "jti": "23bf6514b41c42fa895ee51d5a94930e",
            "token": "eyJhbGciOiJIUzI1NiIsInR5cCI6IkpXVCJ9.eyJ0b2tlbl90eXBlIjoicmVmcmVzaCIsImV4cCI6MTc1NjEyODEyMywiaWF0IjoxNzU1NTIzMzIzLCJqdGkiOiIyM2JmNjUxNGI0MWM0MmZhODk1ZWU1MWQ1YTk0OTMwZSIsInVzZXJfaWQiOjE3fQ.BAIq428cNoqIau24h3_KLk4d0azpYZkEhEcupgDHkyA",
            "created_at": "2025-08-18T13:22:03.835Z",
            "expires_at": "2025-08-25T13:22:03Z"
        }
    },
    {
        "model": "token_blacklist.outstandingtoken",
        "pk": 162,
        "fields": {
            "user": 26,
            "jti": "7f285831cc284867a22dbb8738e2e0e0",
            "token": "eyJhbGciOiJIUzI1NiIsInR5cCI6IkpXVCJ9.eyJ0b2tlbl90eXBlIjoicmVmcmVzaCIsImV4cCI6MTc1NjEyODQzMywiaWF0IjoxNzU1NTIzNjMzLCJqdGkiOiI3ZjI4NTgzMWNjMjg0ODY3YTIyZGJiODczOGUyZTBlMCIsInVzZXJfaWQiOjI2fQ.MdzZ4CAqec1Nm8Qf_bwp7Pp4Gz7HoJCieZZXzUILlY4",
            "created_at": "2025-08-18T13:27:13.259Z",
            "expires_at": "2025-08-25T13:27:13Z"
        }
    },
    {
        "model": "token_blacklist.outstandingtoken",
        "pk": 163,
        "fields": {
            "user": 31,
            "jti": "69e73519434647acb5f87f0a36dc6e5a",
            "token": "eyJhbGciOiJIUzI1NiIsInR5cCI6IkpXVCJ9.eyJ0b2tlbl90eXBlIjoicmVmcmVzaCIsImV4cCI6MTc1NjEzNzU0MywiaWF0IjoxNzU1NTMyNzQzLCJqdGkiOiI2OWU3MzUxOTQzNDY0N2FjYjVmODdmMGEzNmRjNmU1YSIsInVzZXJfaWQiOjMxfQ.FZcNPyxw3VYk7WWryIKHBo7VZvpvLFF7PTqIH29mrmc",
            "created_at": "2025-08-18T15:59:03.251Z",
            "expires_at": "2025-08-25T15:59:03Z"
        }
    },
    {
        "model": "token_blacklist.outstandingtoken",
        "pk": 164,
        "fields": {
            "user": 31,
            "jti": "c4215425e9b54552b2ecd3669e448b34",
            "token": "eyJhbGciOiJIUzI1NiIsInR5cCI6IkpXVCJ9.eyJ0b2tlbl90eXBlIjoicmVmcmVzaCIsImV4cCI6MTc1NjE0MjMyMiwiaWF0IjoxNzU1NTM3NTIyLCJqdGkiOiJjNDIxNTQyNWU5YjU0NTUyYjJlY2QzNjY5ZTQ0OGIzNCIsInVzZXJfaWQiOjMxfQ.6QtFLuoZPCIzhMRB5hiZG0iVPd1xOcK_X6CPfg4UlQ0",
            "created_at": "2025-08-18T17:18:42.105Z",
            "expires_at": "2025-08-25T17:18:42Z"
        }
    },
    {
        "model": "token_blacklist.outstandingtoken",
        "pk": 165,
        "fields": {
            "user": 12,
            "jti": "c05107da25fc45af92ac42398ca69f08",
            "token": "eyJhbGciOiJIUzI1NiIsInR5cCI6IkpXVCJ9.eyJ0b2tlbl90eXBlIjoicmVmcmVzaCIsImV4cCI6MTc1NjE0OTQwMSwiaWF0IjoxNzU1NTQ0NjAxLCJqdGkiOiJjMDUxMDdkYTI1ZmM0NWFmOTJhYzQyMzk4Y2E2OWYwOCIsInVzZXJfaWQiOjEyfQ.qTcMPyPVx8owkDESPdyDAVYHMIYv6g8Y4xFRt23gzFU",
            "created_at": "2025-08-18T19:16:41.703Z",
            "expires_at": "2025-08-25T19:16:41Z"
        }
    },
    {
        "model": "token_blacklist.outstandingtoken",
        "pk": 166,
        "fields": {
            "user": 12,
            "jti": "7dc432d90fd047918a291f4ffdf3fc6d",
            "token": "eyJhbGciOiJIUzI1NiIsInR5cCI6IkpXVCJ9.eyJ0b2tlbl90eXBlIjoicmVmcmVzaCIsImV4cCI6MTc1NjE2ODU5NiwiaWF0IjoxNzU1NTYzNzk2LCJqdGkiOiI3ZGM0MzJkOTBmZDA0NzkxOGEyOTFmNGZmZGYzZmM2ZCIsInVzZXJfaWQiOjEyfQ.YQX-LWwjnJpbE77ripMcKhKlfNdeCwc_u0LLxCY5ShM",
            "created_at": "2025-08-19T00:36:36.112Z",
            "expires_at": "2025-08-26T00:36:36Z"
        }
    },
    {
        "model": "token_blacklist.outstandingtoken",
        "pk": 167,
        "fields": {
            "user": 31,
            "jti": "cadb33f56b03495788680c96f1adb65a",
            "token": "eyJhbGciOiJIUzI1NiIsInR5cCI6IkpXVCJ9.eyJ0b2tlbl90eXBlIjoicmVmcmVzaCIsImV4cCI6MTc1NjE3MDMzMSwiaWF0IjoxNzU1NTY1NTMxLCJqdGkiOiJjYWRiMzNmNTZiMDM0OTU3ODg2ODBjOTZmMWFkYjY1YSIsInVzZXJfaWQiOjMxfQ.MlEUkvfFqJUqSsLyy3YZGsr0RZRb80IHvCGXDMiOJQ0",
            "created_at": "2025-08-19T01:05:31.906Z",
            "expires_at": "2025-08-26T01:05:31Z"
        }
    },
    {
        "model": "token_blacklist.outstandingtoken",
        "pk": 168,
        "fields": {
            "user": 12,
            "jti": "5f3b6a2afab74151bc8820a7154e38f1",
            "token": "eyJhbGciOiJIUzI1NiIsInR5cCI6IkpXVCJ9.eyJ0b2tlbl90eXBlIjoicmVmcmVzaCIsImV4cCI6MTc1NjE3MjUzMywiaWF0IjoxNzU1NTY3NzMzLCJqdGkiOiI1ZjNiNmEyYWZhYjc0MTUxYmM4ODIwYTcxNTRlMzhmMSIsInVzZXJfaWQiOjEyfQ.3wMT0Q47pINAXnDx4gFx9dz9RbgOdluVylp8c6xKYgk",
            "created_at": "2025-08-19T01:42:13.320Z",
            "expires_at": "2025-08-26T01:42:13Z"
        }
    },
    {
        "model": "token_blacklist.outstandingtoken",
        "pk": 169,
        "fields": {
            "user": 12,
            "jti": "fd499908bb0e4dce9454497b446827bb",
            "token": "eyJhbGciOiJIUzI1NiIsInR5cCI6IkpXVCJ9.eyJ0b2tlbl90eXBlIjoicmVmcmVzaCIsImV4cCI6MTc1NjIwOTI0MCwiaWF0IjoxNzU1NjA0NDQwLCJqdGkiOiJmZDQ5OTkwOGJiMGU0ZGNlOTQ1NDQ5N2I0NDY4MjdiYiIsInVzZXJfaWQiOjEyfQ.gUPtT8DDEy2G-PLcPQQxv5GiYhlnCsoz3WoVk0a1h2g",
            "created_at": "2025-08-19T11:54:00.821Z",
            "expires_at": "2025-08-26T11:54:00Z"
        }
    },
    {
        "model": "token_blacklist.outstandingtoken",
        "pk": 170,
        "fields": {
            "user": 12,
            "jti": "624654af99354120bc12b7d745c82274",
            "token": "eyJhbGciOiJIUzI1NiIsInR5cCI6IkpXVCJ9.eyJ0b2tlbl90eXBlIjoicmVmcmVzaCIsImV4cCI6MTc1NjIxMTUxNSwiaWF0IjoxNzU1NjA2NzE1LCJqdGkiOiI2MjQ2NTRhZjk5MzU0MTIwYmMxMmI3ZDc0NWM4MjI3NCIsInVzZXJfaWQiOjEyfQ.3IVq-CzuK622m4RP-j8s1eiIX7dvNI8DhcLkczxbSgA",
            "created_at": "2025-08-19T12:31:55.001Z",
            "expires_at": "2025-08-26T12:31:55Z"
        }
    },
    {
        "model": "token_blacklist.outstandingtoken",
        "pk": 171,
        "fields": {
            "user": 25,
            "jti": "aaf3694cbe824990bbfa69a21c62c094",
            "token": "eyJhbGciOiJIUzI1NiIsInR5cCI6IkpXVCJ9.eyJ0b2tlbl90eXBlIjoicmVmcmVzaCIsImV4cCI6MTc1NjIxNTM0NiwiaWF0IjoxNzU1NjEwNTQ2LCJqdGkiOiJhYWYzNjk0Y2JlODI0OTkwYmJmYTY5YTIxYzYyYzA5NCIsInVzZXJfaWQiOjI1fQ.ARUapwoHEnnH3Ko3CUNLUpXmQdo9ENF8WHZBWQv81YM",
            "created_at": "2025-08-19T13:35:46.265Z",
            "expires_at": "2025-08-26T13:35:46Z"
        }
    },
    {
        "model": "token_blacklist.outstandingtoken",
        "pk": 172,
        "fields": {
            "user": 25,
            "jti": "22d4220a2ff34f3186ae8001eee67c8a",
            "token": "eyJhbGciOiJIUzI1NiIsInR5cCI6IkpXVCJ9.eyJ0b2tlbl90eXBlIjoicmVmcmVzaCIsImV4cCI6MTc1NjIxNTQxOSwiaWF0IjoxNzU1NjEwNjE5LCJqdGkiOiIyMmQ0MjIwYTJmZjM0ZjMxODZhZTgwMDFlZWU2N2M4YSIsInVzZXJfaWQiOjI1fQ.X0r7uAS9EsNEPwR4A5LmRdIZ6dEwmCz1QYd_mDN66VU",
            "created_at": "2025-08-19T13:36:59.273Z",
            "expires_at": "2025-08-26T13:36:59Z"
        }
    },
    {
        "model": "token_blacklist.outstandingtoken",
        "pk": 173,
        "fields": {
            "user": 25,
            "jti": "815d7d9218d347ed876a52152805f0ec",
            "token": "eyJhbGciOiJIUzI1NiIsInR5cCI6IkpXVCJ9.eyJ0b2tlbl90eXBlIjoicmVmcmVzaCIsImV4cCI6MTc1NjIxNTQyMywiaWF0IjoxNzU1NjEwNjIzLCJqdGkiOiI4MTVkN2Q5MjE4ZDM0N2VkODc2YTUyMTUyODA1ZjBlYyIsInVzZXJfaWQiOjI1fQ.Nz8ECPn3GH9cFRwB6s7uvqnuHCpr6Or22j8xzNhY6Mc",
            "created_at": "2025-08-19T13:37:03.980Z",
            "expires_at": "2025-08-26T13:37:03Z"
        }
    },
    {
        "model": "token_blacklist.outstandingtoken",
        "pk": 174,
        "fields": {
            "user": 25,
            "jti": "f8adda5185f242519ad7118b7567c5dd",
            "token": "eyJhbGciOiJIUzI1NiIsInR5cCI6IkpXVCJ9.eyJ0b2tlbl90eXBlIjoicmVmcmVzaCIsImV4cCI6MTc1NjIxNTQ2NCwiaWF0IjoxNzU1NjEwNjY0LCJqdGkiOiJmOGFkZGE1MTg1ZjI0MjUxOWFkNzExOGI3NTY3YzVkZCIsInVzZXJfaWQiOjI1fQ.RV-RP4AD7l83gNA79DuZryJDUDHuPrxqZissf3EWiIc",
            "created_at": "2025-08-19T13:37:44.548Z",
            "expires_at": "2025-08-26T13:37:44Z"
        }
    },
    {
        "model": "token_blacklist.outstandingtoken",
        "pk": 175,
        "fields": {
            "user": 25,
            "jti": "656900a9726a4877abf27015e44b3182",
            "token": "eyJhbGciOiJIUzI1NiIsInR5cCI6IkpXVCJ9.eyJ0b2tlbl90eXBlIjoicmVmcmVzaCIsImV4cCI6MTc1NjIxNTQ4NywiaWF0IjoxNzU1NjEwNjg3LCJqdGkiOiI2NTY5MDBhOTcyNmE0ODc3YWJmMjcwMTVlNDRiMzE4MiIsInVzZXJfaWQiOjI1fQ.x8gm2i9NOKtMjBFNHseVMiD6jTyCL40U4JtjxSkMZIk",
            "created_at": "2025-08-19T13:38:07.087Z",
            "expires_at": "2025-08-26T13:38:07Z"
        }
    },
    {
        "model": "token_blacklist.outstandingtoken",
        "pk": 176,
        "fields": {
            "user": 31,
            "jti": "fdeebe58ec9a40e0812728f98e988a58",
            "token": "eyJhbGciOiJIUzI1NiIsInR5cCI6IkpXVCJ9.eyJ0b2tlbl90eXBlIjoicmVmcmVzaCIsImV4cCI6MTc1NjIxNTUzNiwiaWF0IjoxNzU1NjEwNzM2LCJqdGkiOiJmZGVlYmU1OGVjOWE0MGUwODEyNzI4Zjk4ZTk4OGE1OCIsInVzZXJfaWQiOjMxfQ.oyZtHFKlTFa7o_2W20a-ZqP3xYdnUqkS-Vi1jIJL5hU",
            "created_at": "2025-08-19T13:38:56.121Z",
            "expires_at": "2025-08-26T13:38:56Z"
        }
    },
    {
        "model": "token_blacklist.outstandingtoken",
        "pk": 177,
        "fields": {
            "user": 12,
            "jti": "3edd209e4ba74028b69a539317d6eb92",
            "token": "eyJhbGciOiJIUzI1NiIsInR5cCI6IkpXVCJ9.eyJ0b2tlbl90eXBlIjoicmVmcmVzaCIsImV4cCI6MTc1NjIxNzAzNywiaWF0IjoxNzU1NjEyMjM3LCJqdGkiOiIzZWRkMjA5ZTRiYTc0MDI4YjY5YTUzOTMxN2Q2ZWI5MiIsInVzZXJfaWQiOjEyfQ.K4Xk4zeEKr9Ki9Y1aogFa49bbO3QqWfIDFlwqph6ekY",
            "created_at": "2025-08-19T14:03:57.153Z",
            "expires_at": "2025-08-26T14:03:57Z"
        }
    },
    {
        "model": "token_blacklist.outstandingtoken",
        "pk": 178,
        "fields": {
            "user": 12,
            "jti": "a1d35e1c102743b489edf25d1312b2c1",
            "token": "eyJhbGciOiJIUzI1NiIsInR5cCI6IkpXVCJ9.eyJ0b2tlbl90eXBlIjoicmVmcmVzaCIsImV4cCI6MTc1NjIxOTk0MSwiaWF0IjoxNzU1NjE1MTQxLCJqdGkiOiJhMWQzNWUxYzEwMjc0M2I0ODllZGYyNWQxMzEyYjJjMSIsInVzZXJfaWQiOjEyfQ.Ubrp0PAHWaFGrtyJLCOmf2P2INy20j2uuQYLvPjVtb8",
            "created_at": "2025-08-19T14:52:21.131Z",
            "expires_at": "2025-08-26T14:52:21Z"
        }
    },
    {
        "model": "token_blacklist.outstandingtoken",
        "pk": 179,
        "fields": {
            "user": 12,
            "jti": "d47e8a5dcbd64fd8a9f7016974ee280f",
            "token": "eyJhbGciOiJIUzI1NiIsInR5cCI6IkpXVCJ9.eyJ0b2tlbl90eXBlIjoicmVmcmVzaCIsImV4cCI6MTc1NjIyMDcxOCwiaWF0IjoxNzU1NjE1OTE4LCJqdGkiOiJkNDdlOGE1ZGNiZDY0ZmQ4YTlmNzAxNjk3NGVlMjgwZiIsInVzZXJfaWQiOjEyfQ.NkY6GZYvWHfjAcTHsrwwnK8NMyzZdk65fGMB85x1UKo",
            "created_at": "2025-08-19T15:05:18.655Z",
            "expires_at": "2025-08-26T15:05:18Z"
        }
    },
    {
        "model": "token_blacklist.outstandingtoken",
        "pk": 180,
        "fields": {
            "user": 31,
            "jti": "38afcc4cce29436aa85a6cf9bafab72d",
            "token": "eyJhbGciOiJIUzI1NiIsInR5cCI6IkpXVCJ9.eyJ0b2tlbl90eXBlIjoicmVmcmVzaCIsImV4cCI6MTc1NjIzODQ2OSwiaWF0IjoxNzU1NjMzNjY5LCJqdGkiOiIzOGFmY2M0Y2NlMjk0MzZhYTg1YTZjZjliYWZhYjcyZCIsInVzZXJfaWQiOjMxfQ.tpuc5PFax2PpUnmcKeGYQx7NfJm9nrs-xMaRwVJ8IuQ",
            "created_at": "2025-08-19T20:01:09.159Z",
            "expires_at": "2025-08-26T20:01:09Z"
        }
    },
    {
        "model": "token_blacklist.outstandingtoken",
        "pk": 181,
        "fields": {
            "user": 31,
            "jti": "5234132af8b140c6bd87c876355d013f",
            "token": "eyJhbGciOiJIUzI1NiIsInR5cCI6IkpXVCJ9.eyJ0b2tlbl90eXBlIjoicmVmcmVzaCIsImV4cCI6MTc1NjI0MTIzNCwiaWF0IjoxNzU1NjM2NDM0LCJqdGkiOiI1MjM0MTMyYWY4YjE0MGM2YmQ4N2M4NzYzNTVkMDEzZiIsInVzZXJfaWQiOjMxfQ.acTpnuekglQmXElbOjvPGfARoCh-S4yOJVvl6neLh_s",
            "created_at": "2025-08-19T20:47:14.686Z",
            "expires_at": "2025-08-26T20:47:14Z"
        }
    },
    {
        "model": "token_blacklist.outstandingtoken",
        "pk": 182,
        "fields": {
            "user": 12,
            "jti": "1debfa1bf4b14e29903c74745b2613a1",
            "token": "eyJhbGciOiJIUzI1NiIsInR5cCI6IkpXVCJ9.eyJ0b2tlbl90eXBlIjoicmVmcmVzaCIsImV4cCI6MTc1NjI0MjM1NiwiaWF0IjoxNzU1NjM3NTU2LCJqdGkiOiIxZGViZmExYmY0YjE0ZTI5OTAzYzc0NzQ1YjI2MTNhMSIsInVzZXJfaWQiOjEyfQ.p89NpFFI_cunC1kE-kdbOGwyjDE10NaVV5eG8wC5Vdg",
            "created_at": "2025-08-19T21:05:56.539Z",
            "expires_at": "2025-08-26T21:05:56Z"
        }
    },
    {
        "model": "token_blacklist.outstandingtoken",
        "pk": 183,
        "fields": {
            "user": 4,
            "jti": "93a3d5fc2a85405384b767337089ecec",
            "token": "eyJhbGciOiJIUzI1NiIsInR5cCI6IkpXVCJ9.eyJ0b2tlbl90eXBlIjoicmVmcmVzaCIsImV4cCI6MTc1NjI0NjAwNSwiaWF0IjoxNzU1NjQxMjA1LCJqdGkiOiI5M2EzZDVmYzJhODU0MDUzODRiNzY3MzM3MDg5ZWNlYyIsInVzZXJfaWQiOjR9.bUpVcX4BPsFdNIR3DRSDCEsE40BUHDykr6A2w0WgI8A",
            "created_at": "2025-08-19T22:06:45.014Z",
            "expires_at": "2025-08-26T22:06:45Z"
        }
    },
    {
        "model": "token_blacklist.outstandingtoken",
        "pk": 184,
        "fields": {
            "user": 12,
            "jti": "82f6ce56a09d41f19cb4fa4a641e852c",
            "token": "eyJhbGciOiJIUzI1NiIsInR5cCI6IkpXVCJ9.eyJ0b2tlbl90eXBlIjoicmVmcmVzaCIsImV4cCI6MTc1NjI0NjQ4NCwiaWF0IjoxNzU1NjQxNjg0LCJqdGkiOiI4MmY2Y2U1NmEwOWQ0MWYxOWNiNGZhNGE2NDFlODUyYyIsInVzZXJfaWQiOjEyfQ.VtQj_ygpH9E52FyZc2O9uU5Cg6Qqk85aaP5RmcjzZRk",
            "created_at": "2025-08-19T22:14:44.465Z",
            "expires_at": "2025-08-26T22:14:44Z"
        }
    },
    {
        "model": "token_blacklist.outstandingtoken",
        "pk": 185,
        "fields": {
            "user": 26,
            "jti": "65e619615f6544b0bb413a6df7e9704c",
            "token": "eyJhbGciOiJIUzI1NiIsInR5cCI6IkpXVCJ9.eyJ0b2tlbl90eXBlIjoicmVmcmVzaCIsImV4cCI6MTc1NjI3NDkzMiwiaWF0IjoxNzU1NjcwMTMyLCJqdGkiOiI2NWU2MTk2MTVmNjU0NGIwYmI0MTNhNmRmN2U5NzA0YyIsInVzZXJfaWQiOjI2fQ._mHGTQZ8S0pAP7txTZ1f1iPChC-muHUIb60m2m48AY4",
            "created_at": "2025-08-20T06:08:52.303Z",
            "expires_at": "2025-08-27T06:08:52Z"
        }
    },
    {
        "model": "token_blacklist.outstandingtoken",
        "pk": 186,
        "fields": {
            "user": 26,
            "jti": "3ae1784d9a4c46ccb9e6f4b2bb36dc2d",
            "token": "eyJhbGciOiJIUzI1NiIsInR5cCI6IkpXVCJ9.eyJ0b2tlbl90eXBlIjoicmVmcmVzaCIsImV4cCI6MTc1NjI3OTkwMCwiaWF0IjoxNzU1Njc1MTAwLCJqdGkiOiIzYWUxNzg0ZDlhNGM0NmNjYjllNmY0YjJiYjM2ZGMyZCIsInVzZXJfaWQiOjI2fQ.GiHkiv2AOE6STGEib_fxp9676jDvmIpexqszV7u28-8",
            "created_at": "2025-08-20T07:31:40.955Z",
            "expires_at": "2025-08-27T07:31:40Z"
        }
    },
    {
        "model": "token_blacklist.outstandingtoken",
        "pk": 187,
        "fields": {
            "user": 26,
            "jti": "45db48a832714e2c9712e7530eb4687d",
            "token": "eyJhbGciOiJIUzI1NiIsInR5cCI6IkpXVCJ9.eyJ0b2tlbl90eXBlIjoicmVmcmVzaCIsImV4cCI6MTc1NjI4MDAwMiwiaWF0IjoxNzU1Njc1MjAyLCJqdGkiOiI0NWRiNDhhODMyNzE0ZTJjOTcxMmU3NTMwZWI0Njg3ZCIsInVzZXJfaWQiOjI2fQ.jPx04I3jSvItTMnLCXUoUhJYRWnscTxUQy6lNdoUT8w",
            "created_at": "2025-08-20T07:33:22.065Z",
            "expires_at": "2025-08-27T07:33:22Z"
        }
    },
    {
        "model": "token_blacklist.outstandingtoken",
        "pk": 188,
        "fields": {
            "user": 26,
            "jti": "df990868371a4acdbd06e2a34602768f",
            "token": "eyJhbGciOiJIUzI1NiIsInR5cCI6IkpXVCJ9.eyJ0b2tlbl90eXBlIjoicmVmcmVzaCIsImV4cCI6MTc1NjI4NDI1MiwiaWF0IjoxNzU1Njc5NDUyLCJqdGkiOiJkZjk5MDg2ODM3MWE0YWNkYmQwNmUyYTM0NjAyNzY4ZiIsInVzZXJfaWQiOjI2fQ.ZhF1NjLsKKQT7B7lN3eBShN_OaI5mRp9QOEDX6RBqmY",
            "created_at": "2025-08-20T08:44:12.847Z",
            "expires_at": "2025-08-27T08:44:12Z"
        }
    },
    {
        "model": "token_blacklist.outstandingtoken",
        "pk": 189,
        "fields": {
            "user": 26,
            "jti": "501439a7ed664306b64d4a078d77a993",
            "token": "eyJhbGciOiJIUzI1NiIsInR5cCI6IkpXVCJ9.eyJ0b2tlbl90eXBlIjoicmVmcmVzaCIsImV4cCI6MTc1NjI4NTUxNSwiaWF0IjoxNzU1NjgwNzE1LCJqdGkiOiI1MDE0MzlhN2VkNjY0MzA2YjY0ZDRhMDc4ZDc3YTk5MyIsInVzZXJfaWQiOjI2fQ.fGm8Gu_gPy1eIXG2RS0RCHa6sVwHERP41vwBeCkooy0",
            "created_at": "2025-08-20T09:05:15.331Z",
            "expires_at": "2025-08-27T09:05:15Z"
        }
    },
    {
        "model": "token_blacklist.outstandingtoken",
        "pk": 190,
        "fields": {
            "user": 12,
            "jti": "85878c6d1a1345ff931bbbff368acba9",
            "token": "eyJhbGciOiJIUzI1NiIsInR5cCI6IkpXVCJ9.eyJ0b2tlbl90eXBlIjoicmVmcmVzaCIsImV4cCI6MTc1NjI4OTAwMSwiaWF0IjoxNzU1Njg0MjAxLCJqdGkiOiI4NTg3OGM2ZDFhMTM0NWZmOTMxYmJiZmYzNjhhY2JhOSIsInVzZXJfaWQiOjEyfQ.ZAmOOwV5wydHisX6xWhwB56EagwUr1MoEBGwJHHoMJk",
            "created_at": "2025-08-20T10:03:21.404Z",
            "expires_at": "2025-08-27T10:03:21Z"
        }
    },
    {
        "model": "token_blacklist.outstandingtoken",
        "pk": 191,
        "fields": {
            "user": 31,
            "jti": "3270f663ab8a4234835755572893ccc9",
            "token": "eyJhbGciOiJIUzI1NiIsInR5cCI6IkpXVCJ9.eyJ0b2tlbl90eXBlIjoicmVmcmVzaCIsImV4cCI6MTc1NjI4OTMxOCwiaWF0IjoxNzU1Njg0NTE4LCJqdGkiOiIzMjcwZjY2M2FiOGE0MjM0ODM1NzU1NTcyODkzY2NjOSIsInVzZXJfaWQiOjMxfQ.-sN-En8mnCu3UpyjvHhnZYBDagmfMRWbGiY4u9QHKJk",
            "created_at": "2025-08-20T10:08:38.417Z",
            "expires_at": "2025-08-27T10:08:38Z"
        }
    },
    {
        "model": "token_blacklist.outstandingtoken",
        "pk": 192,
        "fields": {
            "user": 26,
            "jti": "e905a894e9b84018b7bb1be3b676a9d1",
            "token": "eyJhbGciOiJIUzI1NiIsInR5cCI6IkpXVCJ9.eyJ0b2tlbl90eXBlIjoicmVmcmVzaCIsImV4cCI6MTc1NjI5MjU2NywiaWF0IjoxNzU1Njg3NzY3LCJqdGkiOiJlOTA1YTg5NGU5Yjg0MDE4YjdiYjFiZTNiNjc2YTlkMSIsInVzZXJfaWQiOjI2fQ.vfQCkeGphS1alrymFSYZpQNjin1umMVErMd58ssa8t4",
            "created_at": "2025-08-20T11:02:47.854Z",
            "expires_at": "2025-08-27T11:02:47Z"
        }
    },
    {
        "model": "token_blacklist.outstandingtoken",
        "pk": 193,
        "fields": {
            "user": 31,
            "jti": "364e13ca5a5b4fcd9a9d55c187dcadf2",
            "token": "eyJhbGciOiJIUzI1NiIsInR5cCI6IkpXVCJ9.eyJ0b2tlbl90eXBlIjoicmVmcmVzaCIsImV4cCI6MTc1NjI5NTE5NCwiaWF0IjoxNzU1NjkwMzk0LCJqdGkiOiIzNjRlMTNjYTVhNWI0ZmNkOWE5ZDU1YzE4N2RjYWRmMiIsInVzZXJfaWQiOjMxfQ.ck1iWt_AjANXttLBCCw5Q8n3drdz7lUPTjn_lDbneHA",
            "created_at": "2025-08-20T11:46:34.956Z",
            "expires_at": "2025-08-27T11:46:34Z"
        }
    },
    {
        "model": "token_blacklist.outstandingtoken",
        "pk": 194,
        "fields": {
            "user": 26,
            "jti": "1657b64a90f94f77b20edfb5d2174788",
            "token": "eyJhbGciOiJIUzI1NiIsInR5cCI6IkpXVCJ9.eyJ0b2tlbl90eXBlIjoicmVmcmVzaCIsImV4cCI6MTc1NjI5NTI5MSwiaWF0IjoxNzU1NjkwNDkxLCJqdGkiOiIxNjU3YjY0YTkwZjk0Zjc3YjIwZWRmYjVkMjE3NDc4OCIsInVzZXJfaWQiOjI2fQ.vBifsDgswwo6m0uBe8P1PUE4bAIq47HTNhxC4gp7qio",
            "created_at": "2025-08-20T11:48:11.126Z",
            "expires_at": "2025-08-27T11:48:11Z"
        }
    },
    {
        "model": "token_blacklist.outstandingtoken",
        "pk": 195,
        "fields": {
            "user": 26,
            "jti": "1bff6881376f459aa10096f83d6a9b5d",
            "token": "eyJhbGciOiJIUzI1NiIsInR5cCI6IkpXVCJ9.eyJ0b2tlbl90eXBlIjoicmVmcmVzaCIsImV4cCI6MTc1NjI5NjQxNCwiaWF0IjoxNzU1NjkxNjE0LCJqdGkiOiIxYmZmNjg4MTM3NmY0NTlhYTEwMDk2ZjgzZDZhOWI1ZCIsInVzZXJfaWQiOjI2fQ.01haReWlYeF2BII2IDB8qIgO0phpRz-5tFkR8HMazCA",
            "created_at": "2025-08-20T12:06:54.351Z",
            "expires_at": "2025-08-27T12:06:54Z"
        }
    },
    {
        "model": "token_blacklist.outstandingtoken",
        "pk": 196,
        "fields": {
            "user": 26,
            "jti": "68cd6da228d14e58af6aeb66ee867418",
            "token": "eyJhbGciOiJIUzI1NiIsInR5cCI6IkpXVCJ9.eyJ0b2tlbl90eXBlIjoicmVmcmVzaCIsImV4cCI6MTc1NjI5OTMyMCwiaWF0IjoxNzU1Njk0NTIwLCJqdGkiOiI2OGNkNmRhMjI4ZDE0ZTU4YWY2YWViNjZlZTg2NzQxOCIsInVzZXJfaWQiOjI2fQ.7awTbq6475e5jHY2GotFvMDdenVr3vkG2OKVKeLHfWk",
            "created_at": "2025-08-20T12:55:20.090Z",
            "expires_at": "2025-08-27T12:55:20Z"
        }
    },
    {
        "model": "token_blacklist.outstandingtoken",
        "pk": 197,
        "fields": {
            "user": 31,
            "jti": "37ab406f01474f1aa2e8f382ae9fece5",
            "token": "eyJhbGciOiJIUzI1NiIsInR5cCI6IkpXVCJ9.eyJ0b2tlbl90eXBlIjoicmVmcmVzaCIsImV4cCI6MTc1NjMwMTY0NiwiaWF0IjoxNzU1Njk2ODQ2LCJqdGkiOiIzN2FiNDA2ZjAxNDc0ZjFhYTJlOGYzODJhZTlmZWNlNSIsInVzZXJfaWQiOjMxfQ.7v74XN5hZcYTv3j04ftd1UsRRtX2Sos0XhSHNOgzDUc",
            "created_at": "2025-08-20T13:34:06.598Z",
            "expires_at": "2025-08-27T13:34:06Z"
        }
    },
    {
        "model": "token_blacklist.outstandingtoken",
        "pk": 198,
        "fields": {
            "user": 12,
            "jti": "d3ab096bdbfd4a9681d4e36e547836b7",
            "token": "eyJhbGciOiJIUzI1NiIsInR5cCI6IkpXVCJ9.eyJ0b2tlbl90eXBlIjoicmVmcmVzaCIsImV4cCI6MTc1NjM2OTE0MSwiaWF0IjoxNzU1NzY0MzQxLCJqdGkiOiJkM2FiMDk2YmRiZmQ0YTk2ODFkNGUzNmU1NDc4MzZiNyIsInVzZXJfaWQiOjEyfQ.j7AbTvB7vlLnFQYMFslCToVHMgVH0wiHcAwkHMb1pBE",
            "created_at": "2025-08-21T08:19:01.044Z",
            "expires_at": "2025-08-28T08:19:01Z"
        }
    },
    {
        "model": "token_blacklist.outstandingtoken",
        "pk": 199,
        "fields": {
            "user": 12,
            "jti": "9f23bd05278e4898b906a08640c5e9ce",
            "token": "eyJhbGciOiJIUzI1NiIsInR5cCI6IkpXVCJ9.eyJ0b2tlbl90eXBlIjoicmVmcmVzaCIsImV4cCI6MTc1NjM4ODgzNywiaWF0IjoxNzU1Nzg0MDM3LCJqdGkiOiI5ZjIzYmQwNTI3OGU0ODk4YjkwNmEwODY0MGM1ZTljZSIsInVzZXJfaWQiOjEyfQ.Trs39xYuaOgXsp4O4o_3O3GXVCG132V1pDzx7H-9WMM",
            "created_at": "2025-08-21T13:47:17.002Z",
            "expires_at": "2025-08-28T13:47:17Z"
        }
    },
    {
        "model": "token_blacklist.outstandingtoken",
        "pk": 200,
        "fields": {
            "user": 12,
            "jti": "61cb6ce1fd47462cac313f4d13512f97",
            "token": "eyJhbGciOiJIUzI1NiIsInR5cCI6IkpXVCJ9.eyJ0b2tlbl90eXBlIjoicmVmcmVzaCIsImV4cCI6MTc1NjM5MTExOCwiaWF0IjoxNzU1Nzg2MzE4LCJqdGkiOiI2MWNiNmNlMWZkNDc0NjJjYWMzMTNmNGQxMzUxMmY5NyIsInVzZXJfaWQiOjEyfQ.QeemGPS0xDjsrbq0d77Fmq9Ll6Ld5OvEvhRxK6DUhVY",
            "created_at": "2025-08-21T14:25:18.838Z",
            "expires_at": "2025-08-28T14:25:18Z"
        }
    },
    {
        "model": "token_blacklist.outstandingtoken",
        "pk": 201,
        "fields": {
            "user": 31,
            "jti": "30158440fd7b4ff19e598fb6a0e4d03b",
            "token": "eyJhbGciOiJIUzI1NiIsInR5cCI6IkpXVCJ9.eyJ0b2tlbl90eXBlIjoicmVmcmVzaCIsImV4cCI6MTc1NjM5MzMyNywiaWF0IjoxNzU1Nzg4NTI3LCJqdGkiOiIzMDE1ODQ0MGZkN2I0ZmYxOWU1OThmYjZhMGU0ZDAzYiIsInVzZXJfaWQiOjMxfQ.Y5GwSwdRJlmcSBCkPBdWJyAF7ilPZqD01FEzF0pPass",
            "created_at": "2025-08-21T15:02:07.486Z",
            "expires_at": "2025-08-28T15:02:07Z"
        }
    },
    {
        "model": "token_blacklist.outstandingtoken",
        "pk": 202,
        "fields": {
            "user": 12,
            "jti": "ee68c93da63446ee93413be3e7bf89cd",
            "token": "eyJhbGciOiJIUzI1NiIsInR5cCI6IkpXVCJ9.eyJ0b2tlbl90eXBlIjoicmVmcmVzaCIsImV4cCI6MTc1NjQ2ODg5OSwiaWF0IjoxNzU1ODY0MDk5LCJqdGkiOiJlZTY4YzkzZGE2MzQ0NmVlOTM0MTNiZTNlN2JmODljZCIsInVzZXJfaWQiOjEyfQ.A8AGpBw8Of27Dh8q__k06bw8z0tQ6eFrmZ-bfFO4gbk",
            "created_at": "2025-08-22T12:01:39.618Z",
            "expires_at": "2025-08-29T12:01:39Z"
        }
    },
    {
        "model": "token_blacklist.outstandingtoken",
        "pk": 203,
        "fields": {
            "user": 12,
            "jti": "a583c0a40bc346aca699238e0a96d7ba",
            "token": "eyJhbGciOiJIUzI1NiIsInR5cCI6IkpXVCJ9.eyJ0b2tlbl90eXBlIjoicmVmcmVzaCIsImV4cCI6MTc1NjQ3NDIzNSwiaWF0IjoxNzU1ODY5NDM1LCJqdGkiOiJhNTgzYzBhNDBiYzM0NmFjYTY5OTIzOGUwYTk2ZDdiYSIsInVzZXJfaWQiOjEyfQ.qhqinI0MUkbB_K2_8hzAojTngwxP8F9KafTY2ACiOrI",
            "created_at": "2025-08-22T13:30:35.453Z",
            "expires_at": "2025-08-29T13:30:35Z"
        }
    },
    {
        "model": "token_blacklist.outstandingtoken",
        "pk": 204,
        "fields": {
            "user": 12,
            "jti": "80bd609e88ea40cdb8bb7775d9d69ede",
            "token": "eyJhbGciOiJIUzI1NiIsInR5cCI6IkpXVCJ9.eyJ0b2tlbl90eXBlIjoicmVmcmVzaCIsImV4cCI6MTc1NjQ5MTA5NiwiaWF0IjoxNzU1ODg2Mjk2LCJqdGkiOiI4MGJkNjA5ZTg4ZWE0MGNkYjhiYjc3NzVkOWQ2OWVkZSIsInVzZXJfaWQiOjEyfQ.yJXhSIrmXwrLDEAdF3ZWE_0KcHbyHdIFW4OyLyCE0A8",
            "created_at": "2025-08-22T18:11:36.959Z",
            "expires_at": "2025-08-29T18:11:36Z"
        }
    },
    {
        "model": "token_blacklist.outstandingtoken",
        "pk": 205,
        "fields": {
            "user": 12,
            "jti": "b3107598976546aa87e1888d476bec62",
            "token": "eyJhbGciOiJIUzI1NiIsInR5cCI6IkpXVCJ9.eyJ0b2tlbl90eXBlIjoicmVmcmVzaCIsImV4cCI6MTc1NjQ5NjQwMCwiaWF0IjoxNzU1ODkxNjAwLCJqdGkiOiJiMzEwNzU5ODk3NjU0NmFhODdlMTg4OGQ0NzZiZWM2MiIsInVzZXJfaWQiOjEyfQ.j6RUPMm7n0WGcbvLCicC2Vz_VRs1gNkcMBkAeDBAy7Y",
            "created_at": "2025-08-22T19:40:00.687Z",
            "expires_at": "2025-08-29T19:40:00Z"
        }
    },
    {
        "model": "token_blacklist.outstandingtoken",
        "pk": 206,
        "fields": {
            "user": 26,
            "jti": "b49f0e147e2e40bd843cc26189ac2206",
            "token": "eyJhbGciOiJIUzI1NiIsInR5cCI6IkpXVCJ9.eyJ0b2tlbl90eXBlIjoicmVmcmVzaCIsImV4cCI6MTc1NjU0MjA4NiwiaWF0IjoxNzU1OTM3Mjg2LCJqdGkiOiJiNDlmMGUxNDdlMmU0MGJkODQzY2MyNjE4OWFjMjIwNiIsInVzZXJfaWQiOjI2fQ.pkH8UnTDOztt-UIvA_LOVjbQIMKw9UGzvuSxI38t2i4",
            "created_at": "2025-08-23T08:21:26.089Z",
            "expires_at": "2025-08-30T08:21:26Z"
        }
    },
    {
        "model": "token_blacklist.outstandingtoken",
        "pk": 207,
        "fields": {
            "user": 26,
            "jti": "5c1f74b9ef8d4199aab0c8650568da57",
            "token": "eyJhbGciOiJIUzI1NiIsInR5cCI6IkpXVCJ9.eyJ0b2tlbl90eXBlIjoicmVmcmVzaCIsImV4cCI6MTc1NjU0MjY5MiwiaWF0IjoxNzU1OTM3ODkyLCJqdGkiOiI1YzFmNzRiOWVmOGQ0MTk5YWFiMGM4NjUwNTY4ZGE1NyIsInVzZXJfaWQiOjI2fQ.jR9PBrue3GgpkGgoYTyKRfAw0MOaqVUDaaa3GKN1O_A",
            "created_at": "2025-08-23T08:31:32.127Z",
            "expires_at": "2025-08-30T08:31:32Z"
        }
    },
    {
        "model": "token_blacklist.outstandingtoken",
        "pk": 208,
        "fields": {
            "user": 12,
            "jti": "f5224a9330c647049b0c5eb72b8c12de",
            "token": "eyJhbGciOiJIUzI1NiIsInR5cCI6IkpXVCJ9.eyJ0b2tlbl90eXBlIjoicmVmcmVzaCIsImV4cCI6MTc1NjU0MzMxMCwiaWF0IjoxNzU1OTM4NTEwLCJqdGkiOiJmNTIyNGE5MzMwYzY0NzA0OWIwYzVlYjcyYjhjMTJkZSIsInVzZXJfaWQiOjEyfQ.KuvmqVrNSO4QBaDOQlCC4xC_4KZu2ofv9wMKuRRixKU",
            "created_at": "2025-08-23T08:41:50.800Z",
            "expires_at": "2025-08-30T08:41:50Z"
        }
    },
    {
        "model": "token_blacklist.outstandingtoken",
        "pk": 209,
        "fields": {
            "user": 4,
            "jti": "9f2afb1341c2495ca6f81630a3cfffb9",
            "token": "eyJhbGciOiJIUzI1NiIsInR5cCI6IkpXVCJ9.eyJ0b2tlbl90eXBlIjoicmVmcmVzaCIsImV4cCI6MTc1NjU0MzQ2OCwiaWF0IjoxNzU1OTM4NjY4LCJqdGkiOiI5ZjJhZmIxMzQxYzI0OTVjYTZmODE2MzBhM2NmZmZiOSIsInVzZXJfaWQiOjR9.y2_CRyEtNfHNaUnw_aJ0oR7Jr2PsNmbNu9vYkqFHK_0",
            "created_at": "2025-08-23T08:44:28.817Z",
            "expires_at": "2025-08-30T08:44:28Z"
        }
    },
    {
        "model": "token_blacklist.outstandingtoken",
        "pk": 210,
        "fields": {
            "user": 26,
            "jti": "bb9595ae67c14cfcaf14f1dc6d5efa89",
            "token": "eyJhbGciOiJIUzI1NiIsInR5cCI6IkpXVCJ9.eyJ0b2tlbl90eXBlIjoicmVmcmVzaCIsImV4cCI6MTc1NjU0ODAyMSwiaWF0IjoxNzU1OTQzMjIxLCJqdGkiOiJiYjk1OTVhZTY3YzE0Y2ZjYWYxNGYxZGM2ZDVlZmE4OSIsInVzZXJfaWQiOjI2fQ.z7nXBPExMU_SCL8F69zjMMb6ljVIm2MThrJUEqpgHB8",
            "created_at": "2025-08-23T10:00:21.907Z",
            "expires_at": "2025-08-30T10:00:21Z"
        }
    },
    {
        "model": "token_blacklist.outstandingtoken",
        "pk": 211,
        "fields": {
            "user": 4,
            "jti": "a052a74deef04012992a9327742e80ac",
            "token": "eyJhbGciOiJIUzI1NiIsInR5cCI6IkpXVCJ9.eyJ0b2tlbl90eXBlIjoicmVmcmVzaCIsImV4cCI6MTc1NjU0ODU0MywiaWF0IjoxNzU1OTQzNzQzLCJqdGkiOiJhMDUyYTc0ZGVlZjA0MDEyOTkyYTkzMjc3NDJlODBhYyIsInVzZXJfaWQiOjR9.3Cs0EUWZFkmaBQn0PUOPKSa6iPeik5iBtBEWrh16h20",
            "created_at": "2025-08-23T10:09:03.012Z",
            "expires_at": "2025-08-30T10:09:03Z"
        }
    },
    {
        "model": "token_blacklist.outstandingtoken",
        "pk": 212,
        "fields": {
            "user": 12,
            "jti": "7caa48891d4a4bdbbc5efd4f4412bc6f",
            "token": "eyJhbGciOiJIUzI1NiIsInR5cCI6IkpXVCJ9.eyJ0b2tlbl90eXBlIjoicmVmcmVzaCIsImV4cCI6MTc1NjU0OTQyMywiaWF0IjoxNzU1OTQ0NjIzLCJqdGkiOiI3Y2FhNDg4OTFkNGE0YmRiYmM1ZWZkNGY0NDEyYmM2ZiIsInVzZXJfaWQiOjEyfQ._QEM5LYV9sI8HdqV_ZLoyBAlUPMD6C1so-OUiFhv_I0",
            "created_at": "2025-08-23T10:23:43.368Z",
            "expires_at": "2025-08-30T10:23:43Z"
        }
    },
    {
        "model": "token_blacklist.outstandingtoken",
        "pk": 213,
        "fields": {
            "user": 12,
            "jti": "2381171c0bf14148a0ebba32b4dcb54e",
            "token": "eyJhbGciOiJIUzI1NiIsInR5cCI6IkpXVCJ9.eyJ0b2tlbl90eXBlIjoicmVmcmVzaCIsImV4cCI6MTc1NjU1MjQ1NiwiaWF0IjoxNzU1OTQ3NjU2LCJqdGkiOiIyMzgxMTcxYzBiZjE0MTQ4YTBlYmJhMzJiNGRjYjU0ZSIsInVzZXJfaWQiOjEyfQ.Snt_Vf2zxu0JH1xPzE9EPOKTj_6DqzLuv6Al_ToG7Zk",
            "created_at": "2025-08-23T11:14:16.279Z",
            "expires_at": "2025-08-30T11:14:16Z"
        }
    },
    {
        "model": "token_blacklist.outstandingtoken",
        "pk": 214,
        "fields": {
            "user": 26,
            "jti": "826882c2260f4a8fa8688763fad75070",
            "token": "eyJhbGciOiJIUzI1NiIsInR5cCI6IkpXVCJ9.eyJ0b2tlbl90eXBlIjoicmVmcmVzaCIsImV4cCI6MTc1NjU1NjMxNSwiaWF0IjoxNzU1OTUxNTE1LCJqdGkiOiI4MjY4ODJjMjI2MGY0YThmYTg2ODg3NjNmYWQ3NTA3MCIsInVzZXJfaWQiOjI2fQ.b_AWO-USE5Ql7UAfTJI6LQuGH_qEGl49_BZEWCIvmi0",
            "created_at": "2025-08-23T12:18:35.970Z",
            "expires_at": "2025-08-30T12:18:35Z"
        }
    },
    {
        "model": "token_blacklist.outstandingtoken",
        "pk": 215,
        "fields": {
            "user": 12,
            "jti": "4cf7a817b1cf4348a5784ff1cbc003a5",
            "token": "eyJhbGciOiJIUzI1NiIsInR5cCI6IkpXVCJ9.eyJ0b2tlbl90eXBlIjoicmVmcmVzaCIsImV4cCI6MTc1NjU1ODcyNCwiaWF0IjoxNzU1OTUzOTI0LCJqdGkiOiI0Y2Y3YTgxN2IxY2Y0MzQ4YTU3ODRmZjFjYmMwMDNhNSIsInVzZXJfaWQiOjEyfQ.8NA3QOHN5JuyWf5PQf8PASILjSpcswzCZnhbQ-P2PKM",
            "created_at": "2025-08-23T12:58:44.269Z",
            "expires_at": "2025-08-30T12:58:44Z"
        }
    },
    {
        "model": "token_blacklist.outstandingtoken",
        "pk": 216,
        "fields": {
            "user": 4,
            "jti": "541db6f4893a401cabe282ff8b680989",
            "token": "eyJhbGciOiJIUzI1NiIsInR5cCI6IkpXVCJ9.eyJ0b2tlbl90eXBlIjoicmVmcmVzaCIsImV4cCI6MTc1NjU1ODgxOCwiaWF0IjoxNzU1OTU0MDE4LCJqdGkiOiI1NDFkYjZmNDg5M2E0MDFjYWJlMjgyZmY4YjY4MDk4OSIsInVzZXJfaWQiOjR9.hPvCcG-LV_Nvx1Rdm7PgsgK9Awhhh-Ai71Ko2Bcd7fg",
            "created_at": "2025-08-23T13:00:18.351Z",
            "expires_at": "2025-08-30T13:00:18Z"
        }
    },
    {
        "model": "token_blacklist.outstandingtoken",
        "pk": 217,
        "fields": {
            "user": 12,
            "jti": "e511ace3cb874365a6dcd4cbc5fdd3a7",
            "token": "eyJhbGciOiJIUzI1NiIsInR5cCI6IkpXVCJ9.eyJ0b2tlbl90eXBlIjoicmVmcmVzaCIsImV4cCI6MTc1NjU2MDg5NSwiaWF0IjoxNzU1OTU2MDk1LCJqdGkiOiJlNTExYWNlM2NiODc0MzY1YTZkY2Q0Y2JjNWZkZDNhNyIsInVzZXJfaWQiOjEyfQ.ibscRDrvK2lADvVKH-p6Nh_aLaFJKph2IXTSAHhTXL0",
            "created_at": "2025-08-23T13:34:55.730Z",
            "expires_at": "2025-08-30T13:34:55Z"
        }
    },
    {
        "model": "token_blacklist.outstandingtoken",
        "pk": 218,
        "fields": {
            "user": 12,
            "jti": "61ddeb6bfac44a62a44b29f0ed9a8433",
            "token": "eyJhbGciOiJIUzI1NiIsInR5cCI6IkpXVCJ9.eyJ0b2tlbl90eXBlIjoicmVmcmVzaCIsImV4cCI6MTc1NjU2MTU5NSwiaWF0IjoxNzU1OTU2Nzk1LCJqdGkiOiI2MWRkZWI2YmZhYzQ0YTYyYTQ0YjI5ZjBlZDlhODQzMyIsInVzZXJfaWQiOjEyfQ.7DhOsTLz54IgPKWFdkQTEMWXSHpstcjSPTb06aX6JkA",
            "created_at": "2025-08-23T13:46:35.007Z",
            "expires_at": "2025-08-30T13:46:35Z"
        }
    },
    {
        "model": "token_blacklist.outstandingtoken",
        "pk": 219,
        "fields": {
            "user": 31,
            "jti": "ca8a55e23d2148fb82caf1b00fe59193",
            "token": "eyJhbGciOiJIUzI1NiIsInR5cCI6IkpXVCJ9.eyJ0b2tlbl90eXBlIjoicmVmcmVzaCIsImV4cCI6MTc1NjU2MjYyOSwiaWF0IjoxNzU1OTU3ODI5LCJqdGkiOiJjYThhNTVlMjNkMjE0OGZiODJjYWYxYjAwZmU1OTE5MyIsInVzZXJfaWQiOjMxfQ.reoBMeQ-1N_b8GEiQf0oXNc7J2g2J-kxg7K_JI-32dE",
            "created_at": "2025-08-23T14:03:49.171Z",
            "expires_at": "2025-08-30T14:03:49Z"
        }
    },
    {
        "model": "token_blacklist.outstandingtoken",
        "pk": 220,
        "fields": {
            "user": 31,
            "jti": "38c40f87150c4fbc867de8c9260f1ac3",
            "token": "eyJhbGciOiJIUzI1NiIsInR5cCI6IkpXVCJ9.eyJ0b2tlbl90eXBlIjoicmVmcmVzaCIsImV4cCI6MTc1NjU2MjY4NiwiaWF0IjoxNzU1OTU3ODg2LCJqdGkiOiIzOGM0MGY4NzE1MGM0ZmJjODY3ZGU4YzkyNjBmMWFjMyIsInVzZXJfaWQiOjMxfQ.LnTCabYLd0FQ3vkJIBPNr-Txk_fSGes5WP7Y6OUdDVs",
            "created_at": "2025-08-23T14:04:46.444Z",
            "expires_at": "2025-08-30T14:04:46Z"
        }
    },
    {
        "model": "token_blacklist.outstandingtoken",
        "pk": 221,
        "fields": {
            "user": 31,
            "jti": "05a00e551cbb422ba7cc82bf7e32c7f7",
            "token": "eyJhbGciOiJIUzI1NiIsInR5cCI6IkpXVCJ9.eyJ0b2tlbl90eXBlIjoicmVmcmVzaCIsImV4cCI6MTc1NjU2MzMwMSwiaWF0IjoxNzU1OTU4NTAxLCJqdGkiOiIwNWEwMGU1NTFjYmI0MjJiYTdjYzgyYmY3ZTMyYzdmNyIsInVzZXJfaWQiOjMxfQ.gzq9f2F8-tiO8T5dmBgG2XPevR4Dt1qoVVCjD3-0zF4",
            "created_at": "2025-08-23T14:15:01.045Z",
            "expires_at": "2025-08-30T14:15:01Z"
        }
    },
    {
        "model": "token_blacklist.outstandingtoken",
        "pk": 222,
        "fields": {
            "user": 11,
            "jti": "34ab1306f9ff41e3b9c4108c2bb8a010",
            "token": "eyJhbGciOiJIUzI1NiIsInR5cCI6IkpXVCJ9.eyJ0b2tlbl90eXBlIjoicmVmcmVzaCIsImV4cCI6MTc1NjU2MzM2MiwiaWF0IjoxNzU1OTU4NTYyLCJqdGkiOiIzNGFiMTMwNmY5ZmY0MWUzYjljNDEwOGMyYmI4YTAxMCIsInVzZXJfaWQiOjExfQ.1uhXy8A8hIpJW6zHRObVfRoMu7gFdzLid5UJwY6yQs8",
            "created_at": "2025-08-23T14:16:02.145Z",
            "expires_at": "2025-08-30T14:16:02Z"
        }
    },
    {
        "model": "token_blacklist.outstandingtoken",
        "pk": 223,
        "fields": {
            "user": 11,
            "jti": "128a613568944438b20b1840d246ff30",
            "token": "eyJhbGciOiJIUzI1NiIsInR5cCI6IkpXVCJ9.eyJ0b2tlbl90eXBlIjoicmVmcmVzaCIsImV4cCI6MTc1NjU2MzYwOCwiaWF0IjoxNzU1OTU4ODA4LCJqdGkiOiIxMjhhNjEzNTY4OTQ0NDM4YjIwYjE4NDBkMjQ2ZmYzMCIsInVzZXJfaWQiOjExfQ.okvRtmP2_HjW7He8UMlyQinPTMBKc8afr4_XkfddBZw",
            "created_at": "2025-08-23T14:20:08.906Z",
            "expires_at": "2025-08-30T14:20:08Z"
        }
    },
    {
        "model": "token_blacklist.outstandingtoken",
        "pk": 224,
        "fields": {
            "user": 12,
            "jti": "41595b7300d5484c82a752874ded0710",
            "token": "eyJhbGciOiJIUzI1NiIsInR5cCI6IkpXVCJ9.eyJ0b2tlbl90eXBlIjoicmVmcmVzaCIsImV4cCI6MTc1NjU3NDQyMywiaWF0IjoxNzU1OTY5NjIzLCJqdGkiOiI0MTU5NWI3MzAwZDU0ODRjODJhNzUyODc0ZGVkMDcxMCIsInVzZXJfaWQiOjEyfQ.cRvCKguG6Fpw1mOnXKghkAuYcvas0pTPoRvYBIextJ4",
            "created_at": "2025-08-23T17:20:23.843Z",
            "expires_at": "2025-08-30T17:20:23Z"
        }
    },
    {
        "model": "token_blacklist.outstandingtoken",
        "pk": 225,
        "fields": {
            "user": 12,
            "jti": "1ddf7f7f748a4e349dfb4d6233848e58",
            "token": "eyJhbGciOiJIUzI1NiIsInR5cCI6IkpXVCJ9.eyJ0b2tlbl90eXBlIjoicmVmcmVzaCIsImV4cCI6MTc1NjU3NjQxNSwiaWF0IjoxNzU1OTcxNjE1LCJqdGkiOiIxZGRmN2Y3Zjc0OGE0ZTM0OWRmYjRkNjIzMzg0OGU1OCIsInVzZXJfaWQiOjEyfQ.r2uUcjGgHgrsvW_oZgwBfNhM_A0_m_uUGogPFS5Bfs8",
            "created_at": "2025-08-23T17:53:35.339Z",
            "expires_at": "2025-08-30T17:53:35Z"
        }
    },
    {
        "model": "token_blacklist.outstandingtoken",
        "pk": 226,
        "fields": {
            "user": 12,
            "jti": "5a78fc7ce6ec4499aba0985f01f32e46",
            "token": "eyJhbGciOiJIUzI1NiIsInR5cCI6IkpXVCJ9.eyJ0b2tlbl90eXBlIjoicmVmcmVzaCIsImV4cCI6MTc1NjU3OTg1NiwiaWF0IjoxNzU1OTc1MDU2LCJqdGkiOiI1YTc4ZmM3Y2U2ZWM0NDk5YWJhMDk4NWYwMWYzMmU0NiIsInVzZXJfaWQiOjEyfQ.uMecsaiMO79yeCzyZXT4GcoY7W_Sn3M4VsUG-NgrF10",
            "created_at": "2025-08-23T18:50:56.065Z",
            "expires_at": "2025-08-30T18:50:56Z"
        }
    },
    {
        "model": "token_blacklist.outstandingtoken",
        "pk": 227,
        "fields": {
            "user": 12,
            "jti": "4796fbbf1e1d43009293d08e183e0328",
            "token": "eyJhbGciOiJIUzI1NiIsInR5cCI6IkpXVCJ9.eyJ0b2tlbl90eXBlIjoicmVmcmVzaCIsImV4cCI6MTc1NjU4NDcxNywiaWF0IjoxNzU1OTc5OTE3LCJqdGkiOiI0Nzk2ZmJiZjFlMWQ0MzAwOTI5M2QwOGUxODNlMDMyOCIsInVzZXJfaWQiOjEyfQ.S0jiGktTXzxtIMsAP7kTiRHkHNYoDnK-vHkKV81utM0",
            "created_at": "2025-08-23T20:11:57.630Z",
            "expires_at": "2025-08-30T20:11:57Z"
        }
    },
    {
        "model": "token_blacklist.blacklistedtoken",
        "pk": 1,
        "fields": {
            "token": 1,
            "blacklisted_at": "2025-06-27T08:47:10.334Z"
        }
    },
    {
        "model": "token_blacklist.blacklistedtoken",
        "pk": 2,
        "fields": {
            "token": 141,
            "blacklisted_at": "2025-08-18T09:11:33.793Z"
        }
    },
    {
        "model": "token_blacklist.blacklistedtoken",
        "pk": 3,
        "fields": {
            "token": 158,
            "blacklisted_at": "2025-08-20T07:31:24.721Z"
        }
    },
    {
        "model": "schoolProfile.schoolprofile",
        "pk": 1,
        "fields": {
            "school_name": "مدرسة الأمل",
            "school_phone": "+963-999-111-222",
            "school_logo": "schoolProfile/logo/header_-_cat_-_minimalist.jpg",
            "email": "info@school.com",
            "address": "دمشق - المزة",
            "school_type": "Secondary",
            "school_status": "Private"
        }
    }
]